"07995: Døde. Foreløpige tall, etter kjønn, alder, uke, statistikkvariabel og år"

"kjønn";"alder";"uke";"Døde 2000";"Døde 2001";"Døde 2002";"Døde 2003";"Døde 2004";"Døde 2005";"Døde 2006";"Døde 2007";"Døde 2008";"Døde 2009";"Døde 2010";"Døde 2011";"Døde 2012";"Døde 2013";"Døde 2014";"Døde 2015";"Døde 2016";"Døde 2017";"Døde 2018";"Døde 2019";"Døde 2020"
"Begge kjønn";"0-17 år";"Uke 1";10;5;6;5;8;7;5;7;6;5;6;6;6;5;5;5;5;6;5;4;11
"Begge kjønn";"0-17 år";"Uke 2";10;13;3;6;16;10;4;2;8;10;4;3;5;4;8;6;2;2;2;8;4
"Begge kjønn";"0-17 år";"Uke 3";8;6;9;11;3;6;8;6;8;5;7;6;8;5;6;2;5;5;5;8;3
"Begge kjønn";"0-17 år";"Uke 4";13;5;8;8;12;11;9;5;1;10;2;7;3;3;6;6;6;6;1;2;4
"Begge kjønn";"0-17 år";"Uke 5";10;8;12;8;4;2;4;9;11;8;5;9;7;7;6;5;5;3;6;7;6
"Begge kjønn";"0-17 år";"Uke 6";16;6;11;8;6;5;7;9;8;8;4;8;13;4;6;3;10;6;5;6;3
"Begge kjønn";"0-17 år";"Uke 7";8;9;11;12;8;3;7;4;4;12;3;6;4;9;4;3;6;7;4;5;5
"Begge kjønn";"0-17 år";"Uke 8";8;7;11;11;8;10;6;3;7;8;6;5;1;7;4;3;7;8;5;6;7
"Begge kjønn";"0-17 år";"Uke 9";8;7;6;8;4;8;4;7;9;4;8;4;5;3;7;4;5;5;6;3;1
"Begge kjønn";"0-17 år";"Uke 10";6;4;12;8;6;6;13;9;8;7;3;8;5;7;6;3;5;11;4;7;3
"Begge kjønn";"0-17 år";"Uke 11";6;6;6;13;7;7;6;5;7;9;7;6;6;3;7;3;2;2;3;3;3
"Begge kjønn";"0-17 år";"Uke 12";15;8;11;7;10;2;6;9;5;4;9;2;6;2;5;4;1;7;2;5;7
"Begge kjønn";"0-17 år";"Uke 13";10;6;7;8;8;6;9;7;2;1;3;7;7;6;3;2;6;6;4;3;6
"Begge kjønn";"0-17 år";"Uke 14";6;9;9;8;7;7;7;6;8;8;5;12;7;3;7;1;4;2;4;1;5
"Begge kjønn";"0-17 år";"Uke 15";7;13;8;5;11;5;7;7;3;4;9;3;6;7;4;8;4;7;4;5;4
"Begge kjønn";"0-17 år";"Uke 16";6;5;6;8;4;5;4;3;5;12;9;3;5;4;6;7;6;6;7;0;3
"Begge kjønn";"0-17 år";"Uke 17";12;12;9;6;5;5;7;8;8;4;11;3;7;10;4;7;4;8;2;4;4
"Begge kjønn";"0-17 år";"Uke 18";12;8;7;3;5;11;4;15;12;6;3;6;12;2;2;6;2;4;2;6;2
"Begge kjønn";"0-17 år";"Uke 19";7;11;8;7;4;4;11;1;6;3;5;2;9;4;3;6;1;2;4;1;4
"Begge kjønn";"0-17 år";"Uke 20";15;7;9;8;7;8;8;7;7;7;13;5;9;1;2;8;4;4;2;9;4
"Begge kjønn";"0-17 år";"Uke 21";7;14;3;7;3;6;6;3;10;5;2;3;6;10;8;3;5;4;8;0;4
"Begge kjønn";"0-17 år";"Uke 22";4;9;3;8;7;4;8;4;5;7;6;5;2;3;4;5;2;2;9;4;5
"Begge kjønn";"0-17 år";"Uke 23";14;3;6;4;5;5;8;11;6;5;6;6;8;5;9;3;2;2;7;4;4
"Begge kjønn";"0-17 år";"Uke 24";8;6;5;7;8;8;4;11;3;6;4;5;3;5;7;2;1;5;4;4;4
"Begge kjønn";"0-17 år";"Uke 25";11;8;2;9;7;9;3;8;4;7;3;4;6;5;6;4;5;4;5;4;2
"Begge kjønn";"0-17 år";"Uke 26";7;7;13;7;4;9;6;3;7;9;10;7;5;5;7;6;3;4;4;2;2
"Begge kjønn";"0-17 år";"Uke 27";10;10;3;5;6;8;4;4;4;13;6;4;5;7;6;6;3;5;4;5;1
"Begge kjønn";"0-17 år";"Uke 28";6;7;9;7;8;2;8;5;5;7;9;3;7;2;7;4;5;3;3;5;2
"Begge kjønn";"0-17 år";"Uke 29";4;10;7;2;16;3;10;13;2;4;5;40;4;6;6;2;7;7;1;5;3
"Begge kjønn";"0-17 år";"Uke 30";6;7;6;4;6;4;6;3;10;10;7;3;5;1;5;5;5;7;7;9;4
"Begge kjønn";"0-17 år";"Uke 31";3;10;8;9;5;9;6;7;7;9;7;8;3;3;2;6;5;4;5;8;3
"Begge kjønn";"0-17 år";"Uke 32";9;11;9;8;7;6;10;7;3;3;3;7;4;3;5;4;4;5;5;4;0
"Begge kjønn";"0-17 år";"Uke 33";5;8;4;10;2;8;5;2;6;10;10;4;2;2;2;3;5;7;2;4;0
"Begge kjønn";"0-17 år";"Uke 34";9;8;10;5;2;5;7;9;9;10;6;6;4;6;4;3;3;3;3;1;0
"Begge kjønn";"0-17 år";"Uke 35";7;7;8;8;8;5;6;7;8;6;7;7;4;1;4;7;6;5;1;3;0
"Begge kjønn";"0-17 år";"Uke 36";9;3;6;10;3;9;5;8;8;6;3;2;4;3;3;1;5;5;3;2;0
"Begge kjønn";"0-17 år";"Uke 37";3;9;4;5;14;3;5;6;6;8;6;4;7;10;0;2;3;5;3;0;0
"Begge kjønn";"0-17 år";"Uke 38";10;10;10;3;3;8;3;6;1;8;9;7;3;6;6;4;3;4;5;3;0
"Begge kjønn";"0-17 år";"Uke 39";1;6;5;8;5;6;13;8;4;4;2;8;6;4;5;5;1;3;4;6;0
"Begge kjønn";"0-17 år";"Uke 40";10;9;10;9;6;4;5;5;8;8;6;4;7;4;3;6;3;6;4;2;0
"Begge kjønn";"0-17 år";"Uke 41";10;8;7;10;10;4;8;4;6;3;4;8;9;10;3;4;4;4;2;4;0
"Begge kjønn";"0-17 år";"Uke 42";14;4;8;11;6;5;7;3;10;6;3;2;5;6;3;6;5;5;4;5;0
"Begge kjønn";"0-17 år";"Uke 43";10;4;10;7;9;12;9;4;7;7;1;6;8;3;5;1;5;6;4;6;0
"Begge kjønn";"0-17 år";"Uke 44";8;8;9;3;8;5;6;4;2;8;6;2;6;1;3;4;2;1;3;2;0
"Begge kjønn";"0-17 år";"Uke 45";4;5;7;11;4;8;3;2;5;7;6;7;1;3;6;2;5;1;4;7;0
"Begge kjønn";"0-17 år";"Uke 46";11;8;5;3;6;4;5;8;7;4;8;7;5;6;5;3;7;5;2;6;0
"Begge kjønn";"0-17 år";"Uke 47";5;7;7;2;6;4;2;6;5;6;1;3;5;5;4;4;7;8;4;6;0
"Begge kjønn";"0-17 år";"Uke 48";8;6;6;13;5;7;6;9;5;6;6;3;8;6;5;2;2;2;3;3;0
"Begge kjønn";"0-17 år";"Uke 49";7;8;9;9;8;8;5;5;6;13;8;4;8;6;7;6;7;4;5;6;0
"Begge kjønn";"0-17 år";"Uke 50";14;9;11;13;1;5;7;3;5;7;1;5;3;2;3;6;7;2;7;4;0
"Begge kjønn";"0-17 år";"Uke 51";4;5;11;12;9;3;8;9;2;4;3;1;6;6;3;5;4;4;2;1;0
"Begge kjønn";"0-17 år";"Uke 52";8;8;8;9;32;10;10;10;6;3;2;5;4;5;6;5;7;10;2;3;0
"Begge kjønn";"0-17 år";"Uke 53";0;0;0;0;7;0;0;0;0;2;0;0;0;0;0;3;0;0;0;0;0
"Begge kjønn";"18-49 år";"Uke 1";46;49;45;48;33;34;33;47;44;33;37;44;26;32;32;33;24;28;26;21;30
"Begge kjønn";"18-49 år";"Uke 2";45;55;49;32;37;38;44;36;37;39;46;41;32;30;25;38;33;21;25;39;39
"Begge kjønn";"18-49 år";"Uke 3";43;45;41;48;43;35;48;35;36;39;25;42;35;32;34;30;48;32;32;21;24
"Begge kjønn";"18-49 år";"Uke 4";46;47;34;58;40;42;39;41;43;50;37;35;30;38;35;38;39;27;39;26;40
"Begge kjønn";"18-49 år";"Uke 5";41;51;25;48;47;31;40;34;45;39;35;43;39;30;31;31;23;32;22;26;43
"Begge kjønn";"18-49 år";"Uke 6";47;53;52;40;40;39;28;42;32;38;38;38;38;33;23;34;26;29;33;27;26
"Begge kjønn";"18-49 år";"Uke 7";53;55;29;47;38;37;40;41;36;40;36;48;29;37;31;30;30;35;31;29;32
"Begge kjønn";"18-49 år";"Uke 8";42;48;47;36;52;45;33;36;43;33;46;42;33;40;26;25;35;31;26;24;32
"Begge kjønn";"18-49 år";"Uke 9";41;53;37;33;48;47;46;41;48;30;40;38;24;35;25;29;41;27;38;34;36
"Begge kjønn";"18-49 år";"Uke 10";31;42;50;43;41;42;42;28;29;42;30;29;29;33;33;37;21;28;34;37;36
"Begge kjønn";"18-49 år";"Uke 11";47;56;34;44;43;36;39;40;39;38;26;28;35;32;31;43;29;26;28;20;47
"Begge kjønn";"18-49 år";"Uke 12";47;46;27;40;43;45;31;31;45;37;37;39;28;42;34;32;21;22;33;23;30
"Begge kjønn";"18-49 år";"Uke 13";45;43;40;41;42;47;33;32;36;37;43;34;35;33;26;20;40;30;29;40;34
"Begge kjønn";"18-49 år";"Uke 14";32;41;31;34;44;38;32;43;43;32;33;33;32;25;37;29;30;28;24;29;28
"Begge kjønn";"18-49 år";"Uke 15";49;40;32;37;46;34;43;29;29;38;31;33;38;31;21;22;39;27;29;26;34
"Begge kjønn";"18-49 år";"Uke 16";46;52;42;46;39;43;26;30;37;23;31;47;35;41;46;30;39;37;26;30;26
"Begge kjønn";"18-49 år";"Uke 17";53;41;37;41;31;42;38;39;31;27;31;41;29;33;27;36;36;44;28;37;35
"Begge kjønn";"18-49 år";"Uke 18";45;57;37;46;44;25;36;51;47;48;34;30;34;35;33;28;31;33;41;23;29
"Begge kjønn";"18-49 år";"Uke 19";42;48;45;41;37;50;35;38;40;39;40;44;31;48;46;29;29;23;31;38;35
"Begge kjønn";"18-49 år";"Uke 20";61;36;54;49;38;37;36;29;40;32;32;38;28;33;38;24;37;29;31;32;19
"Begge kjønn";"18-49 år";"Uke 21";49;48;34;36;38;33;35;44;46;51;39;38;35;34;32;29;35;29;27;24;31
"Begge kjønn";"18-49 år";"Uke 22";42;45;46;44;43;35;33;29;29;46;28;32;27;31;34;32;21;25;28;30;22
"Begge kjønn";"18-49 år";"Uke 23";55;48;43;48;45;32;42;39;27;35;23;29;30;21;24;29;29;28;33;20;30
"Begge kjønn";"18-49 år";"Uke 24";39;40;29;39;36;28;26;40;32;31;30;42;34;36;32;37;30;26;22;24;33
"Begge kjønn";"18-49 år";"Uke 25";46;45;38;53;35;33;47;41;44;41;44;39;33;33;36;29;32;31;34;35;30
"Begge kjønn";"18-49 år";"Uke 26";45;57;45;39;54;50;29;42;37;43;28;31;38;31;34;34;29;31;39;33;39
"Begge kjønn";"18-49 år";"Uke 27";63;62;47;44;44;27;40;34;38;34;43;41;32;37;24;32;28;28;26;27;33
"Begge kjønn";"18-49 år";"Uke 28";52;52;52;38;39;47;42;29;48;36;33;35;38;42;37;32;29;24;39;25;26
"Begge kjønn";"18-49 år";"Uke 29";47;49;43;58;37;59;51;35;21;34;35;74;33;34;36;28;35;39;33;35;23
"Begge kjønn";"18-49 år";"Uke 30";44;37;37;31;48;35;48;45;43;27;38;39;31;37;33;25;30;36;29;25;22
"Begge kjønn";"18-49 år";"Uke 31";60;47;60;38;37;45;39;38;46;47;36;40;26;44;38;20;33;28;26;35;30
"Begge kjønn";"18-49 år";"Uke 32";42;47;52;45;38;45;28;35;41;41;47;42;40;30;25;39;37;32;32;19;14
"Begge kjønn";"18-49 år";"Uke 33";46;44;37;50;40;49;34;29;27;31;39;35;34;39;21;19;28;31;26;24;0
"Begge kjønn";"18-49 år";"Uke 34";49;39;47;39;40;22;31;43;34;34;43;35;34;35;23;34;19;36;31;26;0
"Begge kjønn";"18-49 år";"Uke 35";42;40;42;43;31;37;42;44;34;38;48;25;35;28;32;32;23;18;29;35;0
"Begge kjønn";"18-49 år";"Uke 36";43;40;46;39;33;40;43;24;28;58;33;28;41;33;36;36;31;16;33;29;0
"Begge kjønn";"18-49 år";"Uke 37";42;53;40;43;35;48;39;45;37;45;33;37;30;40;36;32;34;32;33;32;0
"Begge kjønn";"18-49 år";"Uke 38";52;32;29;36;36;34;34;21;31;40;49;44;36;39;26;26;37;22;30;29;0
"Begge kjønn";"18-49 år";"Uke 39";42;37;42;35;42;35;37;28;47;33;33;43;36;32;39;30;21;27;27;44;0
"Begge kjønn";"18-49 år";"Uke 40";53;41;40;41;32;52;46;29;32;50;45;42;37;35;35;38;36;27;34;27;0
"Begge kjønn";"18-49 år";"Uke 41";46;45;40;37;46;35;42;39;33;36;38;30;34;30;30;38;33;27;31;28;0
"Begge kjønn";"18-49 år";"Uke 42";39;30;46;33;44;37;27;39;32;31;41;39;27;32;34;23;24;23;36;30;0
"Begge kjønn";"18-49 år";"Uke 43";50;36;46;31;39;38;43;38;32;32;30;38;34;31;39;41;31;27;28;42;0
"Begge kjønn";"18-49 år";"Uke 44";38;48;43;35;40;43;43;33;31;31;34;39;27;38;31;31;26;23;25;31;0
"Begge kjønn";"18-49 år";"Uke 45";54;39;47;40;26;42;32;42;41;30;31;35;32;30;43;34;25;31;29;23;0
"Begge kjønn";"18-49 år";"Uke 46";42;34;49;38;37;36;41;36;28;34;34;30;29;33;31;33;34;31;29;29;0
"Begge kjønn";"18-49 år";"Uke 47";47;33;35;37;43;43;36;32;35;28;34;35;27;38;45;36;29;34;23;30;0
"Begge kjønn";"18-49 år";"Uke 48";43;47;46;43;44;27;38;25;29;24;32;37;31;35;27;24;26;27;31;29;0
"Begge kjønn";"18-49 år";"Uke 49";36;39;33;45;39;35;45;28;39;38;33;32;33;29;40;28;37;33;28;38;0
"Begge kjønn";"18-49 år";"Uke 50";38;43;46;32;39;33;33;39;45;40;32;36;45;35;45;32;31;30;25;25;0
"Begge kjønn";"18-49 år";"Uke 51";51;44;51;50;36;41;44;43;35;28;30;24;34;29;22;30;40;29;26;28;0
"Begge kjønn";"18-49 år";"Uke 52";56;43;49;40;81;42;27;35;40;32;33;41;44;25;29;41;39;37;36;29;0
"Begge kjønn";"18-49 år";"Uke 53";0;0;0;0;47;0;0;0;0;34;0;0;0;0;0;33;0;0;0;0;0
"Begge kjønn";"50-66 år";"Uke 1";113;107;120;118;103;97;113;108;122;132;117;127;115;126;94;113;102;101;112;98;94
"Begge kjønn";"50-66 år";"Uke 2";111;98;106;103;105;99;95;108;125;101;107;100;94;111;85;105;93;100;81;119;98
"Begge kjønn";"50-66 år";"Uke 3";121;101;95;112;112;93;95;106;112;118;107;108;109;126;120;108;121;110;115;100;85
"Begge kjønn";"50-66 år";"Uke 4";113;111;122;92;111;100;102;102;98;150;101;115;105;113;97;107;123;80;101;91;77
"Begge kjønn";"50-66 år";"Uke 5";115;92;112;102;127;103;107;108;118;121;118;108;113;120;109;110;121;111;97;97;94
"Begge kjønn";"50-66 år";"Uke 6";88;106;102;102;118;105;113;112;122;102;132;114;112;105;108;113;102;81;104;96;89
"Begge kjønn";"50-66 år";"Uke 7";98;96;113;108;115;114;106;111;111;124;105;102;117;117;111;98;105;97;103;111;99
"Begge kjønn";"50-66 år";"Uke 8";112;100;96;92;106;98;102;135;123;122;116;111;112;118;108;107;79;98;102;97;86
"Begge kjønn";"50-66 år";"Uke 9";116;95;102;123;108;108;121;103;104;106;106;107;102;110;89;108;127;107;109;88;91
"Begge kjønn";"50-66 år";"Uke 10";103;109;134;101;88;103;109;98;109;104;99;121;109;109;86;123;101;108;102;104;85
"Begge kjønn";"50-66 år";"Uke 11";80;86;106;106;102;122;92;114;111;103;121;108;108;124;104;102;98;85;86;95;85
"Begge kjønn";"50-66 år";"Uke 12";99;106;110;102;117;113;127;111;108;119;108;99;93;105;104;81;84;87;98;108;103
"Begge kjønn";"50-66 år";"Uke 13";89;96;103;110;95;97;102;101;134;111;116;102;118;106;109;97;99;67;94;89;96
"Begge kjønn";"50-66 år";"Uke 14";111;105;103;103;85;97;105;101;116;104;113;123;113;111;103;92;103;89;103;85;86
"Begge kjønn";"50-66 år";"Uke 15";105;105;79;90;91;113;104;98;91;127;84;115;110;107;107;87;90;98;87;80;74
"Begge kjønn";"50-66 år";"Uke 16";111;85;105;100;94;120;101;103;108;102;117;122;112;112;105;92;91;83;75;87;82
"Begge kjønn";"50-66 år";"Uke 17";85;103;109;109;90;80;87;101;91;101;112;104;109;106;107;89;99;102;89;81;96
"Begge kjønn";"50-66 år";"Uke 18";104;87;110;83;99;105;107;103;100;97;105;93;111;108;98;88;107;98;97;105;91
"Begge kjønn";"50-66 år";"Uke 19";88;111;98;80;78;83;99;107;97;103;109;138;104;98;101;83;73;81;101;91;78
"Begge kjønn";"50-66 år";"Uke 20";99;101;120;100;91;110;99;104;111;100;104;91;104;116;107;83;111;93;74;84;87
"Begge kjønn";"50-66 år";"Uke 21";100;117;97;85;107;100;106;128;111;114;93;120;111;100;116;100;75;82;71;92;86
"Begge kjønn";"50-66 år";"Uke 22";79;84;83;85;111;93;104;106;99;118;109;112;97;104;83;84;93;88;107;92;81
"Begge kjønn";"50-66 år";"Uke 23";104;98;91;89;88;91;101;91;113;122;118;96;107;100;100;95;91;92;84;71;92
"Begge kjønn";"50-66 år";"Uke 24";94;108;108;102;89;115;100;98;104;100;100;111;124;92;77;100;92;93;84;101;79
"Begge kjønn";"50-66 år";"Uke 25";96;94;93;98;94;113;100;115;112;98;109;96;116;110;78;98;77;91;78;68;94
"Begge kjønn";"50-66 år";"Uke 26";112;109;101;85;93;99;101;85;91;94;111;120;119;84;99;95;101;86;97;100;71
"Begge kjønn";"50-66 år";"Uke 27";92;88;101;108;100;97;98;84;94;102;108;79;108;119;101;94;99;84;106;79;76
"Begge kjønn";"50-66 år";"Uke 28";104;101;112;95;116;89;101;101;99;106;100;131;97;97;102;89;101;95;96;80;92
"Begge kjønn";"50-66 år";"Uke 29";84;90;99;116;105;77;102;132;94;116;95;110;98;108;103;104;79;82;88;82;95
"Begge kjønn";"50-66 år";"Uke 30";97;77;101;84;90;106;109;86;115;93;103;95;114;90;95;81;92;94;94;90;75
"Begge kjønn";"50-66 år";"Uke 31";85;86;93;96;122;104;104;100;112;106;104;108;112;107;110;92;101;88;89;79;62
"Begge kjønn";"50-66 år";"Uke 32";99;109;104;87;114;101;105;85;122;112;104;115;116;112;94;89;91;88;88;105;62
"Begge kjønn";"50-66 år";"Uke 33";94;95;106;95;79;98;104;116;103;81;118;125;95;112;104;85;99;83;84;90;0
"Begge kjønn";"50-66 år";"Uke 34";112;96;81;105;99;89;105;106;99;106;101;93;103;106;88;91;68;100;95;72;0
"Begge kjønn";"50-66 år";"Uke 35";88;90;104;94;99;91;100;102;104;94;95;118;100;97;117;84;97;87;86;101;0
"Begge kjønn";"50-66 år";"Uke 36";76;92;103;94;105;100;93;127;97;101;100;101;86;107;103;116;109;97;102;78;0
"Begge kjønn";"50-66 år";"Uke 37";97;105;88;95;91;88;82;113;106;94;120;91;113;119;109;79;88;95;84;81;0
"Begge kjønn";"50-66 år";"Uke 38";80;103;113;108;74;116;103;95;118;96;95;125;93;109;90;96;91;87;77;96;0
"Begge kjønn";"50-66 år";"Uke 39";112;110;110;91;105;107;103;107;95;88;123;110;86;88;97;94;102;83;90;88;0
"Begge kjønn";"50-66 år";"Uke 40";79;98;93;109;108;94;96;107;108;104;129;104;89;112;112;107;100;109;85;115;0
"Begge kjønn";"50-66 år";"Uke 41";98;99;91;104;93;87;122;114;102;117;105;90;111;80;98;91;97;101;87;87;0
"Begge kjønn";"50-66 år";"Uke 42";93;101;106;97;90;96;101;89;97;115;114;86;113;88;96;86;113;94;81;93;0
"Begge kjønn";"50-66 år";"Uke 43";86;89;92;104;96;95;107;87;102;100;128;116;96;99;112;103;88;101;97;111;0
"Begge kjønn";"50-66 år";"Uke 44";88;87;90;114;92;110;93;101;105;114;120;107;110;110;100;90;100;92;81;97;0
"Begge kjønn";"50-66 år";"Uke 45";106;104;108;99;106;117;105;84;112;102;124;90;101;99;87;100;101;111;104;100;0
"Begge kjønn";"50-66 år";"Uke 46";94;101;100;87;89;91;105;119;109;112;127;105;105;104;89;87;97;89;96;91;0
"Begge kjønn";"50-66 år";"Uke 47";108;90;90;98;101;88;111;108;87;112;113;99;94;105;104;91;103;88;99;75;0
"Begge kjønn";"50-66 år";"Uke 48";102;97;110;100;113;107;92;102;111;99;139;110;97;96;102;98;95;81;98;78;0
"Begge kjønn";"50-66 år";"Uke 49";73;97;111;100;89;92;90;100;110;102;123;96;123;91;89;96;81;95;96;95;0
"Begge kjønn";"50-66 år";"Uke 50";90;96;92;129;95;113;95;108;97;105;115;115;111;97;106;97;103;105;87;96;0
"Begge kjønn";"50-66 år";"Uke 51";108;114;112;99;107;111;108;95;105;115;138;111;123;111;107;90;110;108;78;95;0
"Begge kjønn";"50-66 år";"Uke 52";118;102;103;108;135;118;106;114;126;137;123;88;117;129;106;106;115;93;110;87;0
"Begge kjønn";"50-66 år";"Uke 53";0;0;0;0;106;0;0;0;0;114;0;0;0;0;0;98;0;0;0;0;0
"Begge kjønn";"67-79 år";"Uke 1";361;242;278;271;252;205;207;209;217;243;194;219;220;218;179;210;228;225;255;231;232
"Begge kjønn";"67-79 år";"Uke 2";336;243;248;268;222;211;202;204;173;203;180;203;188;219;197;229;240;262;227;215;235
"Begge kjønn";"67-79 år";"Uke 3";313;261;254;278;249;200;209;202;207;205;176;177;171;223;186;214;236;225;217;212;224
"Begge kjønn";"67-79 år";"Uke 4";292;242;255;220;213;212;191;206;181;247;199;194;167;200;178;200;237;203;208;238;233
"Begge kjønn";"67-79 år";"Uke 5";302;253;267;223;248;239;191;189;180;200;181;187;191;198;187;190;227;220;214;239;196
"Begge kjønn";"67-79 år";"Uke 6";256;264;272;246;212;191;186;236;193;173;162;168;202;208;181;205;225;190;220;220;218
"Begge kjønn";"67-79 år";"Uke 7";262;274;261;207;189;216;177;210;203;214;218;197;211;190;183;194;189;203;235;231;216
"Begge kjønn";"67-79 år";"Uke 8";260;261;261;227;208;205;204;219;177;195;213;178;194;227;188;236;215;238;245;228;226
"Begge kjønn";"67-79 år";"Uke 9";268;254;232;220;218;227;176;209;210;203;180;208;205;202;202;202;209;203;227;214;233
"Begge kjønn";"67-79 år";"Uke 10";274;257;270;243;214;233;204;206;202;176;219;212;192;186;176;214;179;206;256;221;214
"Begge kjønn";"67-79 år";"Uke 11";242;262;255;221;216;243;213;205;184;198;172;147;192;200;186;184;204;185;237;234;199
"Begge kjønn";"67-79 år";"Uke 12";226;267;239;210;186;237;180;179;187;193;193;167;187;204;197;191;213;213;250;206;236
"Begge kjønn";"67-79 år";"Uke 13";236;242;252;213;195;213;225;189;171;196;171;188;178;189;185;198;182;211;199;207;241
"Begge kjønn";"67-79 år";"Uke 14";244;242;223;232;205;200;179;179;204;157;187;183;215;200;185;198;191;201;229;215;220
"Begge kjønn";"67-79 år";"Uke 15";266;267;215;220;209;222;161;189;186;179;185;190;176;203;160;223;181;207;219;197;230
"Begge kjønn";"67-79 år";"Uke 16";244;248;223;214;212;207;179;215;181;147;158;181;178;191;193;214;176;183;220;214;228
"Begge kjønn";"67-79 år";"Uke 17";235;254;230;199;180;181;159;151;190;182;186;206;187;196;168;169;181;226;195;203;214
"Begge kjønn";"67-79 år";"Uke 18";229;225;217;226;176;203;212;178;198;199;180;169;184;177;193;177;172;198;204;209;218
"Begge kjønn";"67-79 år";"Uke 19";240;258;202;185;187;182;176;177;172;175;191;163;187;173;201;175;192;199;196;216;203
"Begge kjønn";"67-79 år";"Uke 20";215;204;271;203;191;188;192;180;183;164;183;179;195;177;209;163;185;179;198;205;200
"Begge kjønn";"67-79 år";"Uke 21";230;215;204;221;184;187;186;190;167;191;191;201;168;172;209;180;186;196;213;192;207
"Begge kjønn";"67-79 år";"Uke 22";211;237;217;208;195;174;175;172;195;158;185;172;163;170;166;174;183;173;208;170;193
"Begge kjønn";"67-79 år";"Uke 23";258;242;196;225;172;187;164;181;206;169;164;179;184;172;174;171;161;223;178;207;182
"Begge kjønn";"67-79 år";"Uke 24";254;227;222;176;202;185;173;187;180;158;158;161;150;172;168;182;172;214;175;170;192
"Begge kjønn";"67-79 år";"Uke 25";232;241;229;213;196;183;175;184;170;155;149;158;156;173;180;176;190;191;191;212;197
"Begge kjønn";"67-79 år";"Uke 26";228;226;224;224;185;178;177;184;162;168;173;182;195;170;185;205;166;181;177;218;203
"Begge kjønn";"67-79 år";"Uke 27";233;268;233;206;189;177;184;164;190;188;161;149;179;180;175;186;186;185;184;205;171
"Begge kjønn";"67-79 år";"Uke 28";234;218;223;182;181;182;177;169;182;178;189;136;161;173;198;188;198;178;185;206;184
"Begge kjønn";"67-79 år";"Uke 29";213;208;233;187;189;159;148;168;168;166;172;181;170;159;162;191;179;220;201;219;202
"Begge kjønn";"67-79 år";"Uke 30";220;220;219;187;195;190;175;195;172;152;164;191;160;163;205;168;164;175;214;190;184
"Begge kjønn";"67-79 år";"Uke 31";231;244;222;209;208;172;186;180;196;167;148;158;165;175;178;187;148;191;187;206;196
"Begge kjønn";"67-79 år";"Uke 32";213;244;204;210;190;183;165;223;166;182;197;175;159;174;186;170;190;218;212;185;173
"Begge kjønn";"67-79 år";"Uke 33";233;213;224;187;178;157;167;171;170;168;168;173;178;181;189;187;189;193;205;217;0
"Begge kjønn";"67-79 år";"Uke 34";215;218;187;175;163;194;173;188;177;179;171;171;160;153;161;186;191;192;195;178;0
"Begge kjønn";"67-79 år";"Uke 35";203;255;193;207;169;158;188;175;148;155;177;159;168;176;176;193;210;211;214;197;0
"Begge kjønn";"67-79 år";"Uke 36";226;254;214;197;193;187;207;201;162;174;174;190;179;191;171;186;186;164;171;190;0
"Begge kjønn";"67-79 år";"Uke 37";236;220;220;239;189;205;198;157;179;170;162;152;171;150;188;186;191;189;168;180;0
"Begge kjønn";"67-79 år";"Uke 38";266;237;251;204;189;212;179;176;152;157;166;164;182;177;166;180;165;193;174;230;0
"Begge kjønn";"67-79 år";"Uke 39";226;225;224;189;184;187;195;180;166;175;163;173;183;189;176;187;194;185;184;224;0
"Begge kjønn";"67-79 år";"Uke 40";245;206;223;171;174;178;184;175;177;184;197;165;168;173;185;205;175;189;216;175;0
"Begge kjønn";"67-79 år";"Uke 41";223;240;225;190;196;198;189;173;194;177;170;162;172;193;184;188;175;189;173;225;0
"Begge kjønn";"67-79 år";"Uke 42";249;220;235;200;217;178;173;205;206;167;175;177;173;209;178;173;195;183;194;224;0
"Begge kjønn";"67-79 år";"Uke 43";226;233;215;214;178;197;202;181;192;188;191;168;193;182;196;201;185;206;181;181;0
"Begge kjønn";"67-79 år";"Uke 44";251;223;232;210;188;196;184;183;182;169;177;179;195;171;187;179;185;181;223;197;0
"Begge kjønn";"67-79 år";"Uke 45";229;217;246;191;202;179;197;188;187;180;170;198;197;164;188;184;216;163;203;205;0
"Begge kjønn";"67-79 år";"Uke 46";237;237;251;223;211;172;206;195;182;167;181;163;172;191;197;186;212;198;184;219;0
"Begge kjønn";"67-79 år";"Uke 47";221;216;227;231;196;185;189;173;172;169;192;203;182;193;204;178;223;190;187;209;0
"Begge kjønn";"67-79 år";"Uke 48";235;240;269;240;219;218;189;193;206;191;212;201;173;196;196;211;200;212;203;214;0
"Begge kjønn";"67-79 år";"Uke 49";214;252;233;235;201;211;211;189;201;161;157;211;190;173;191;183;195;241;229;213;0
"Begge kjønn";"67-79 år";"Uke 50";216;247;232;234;183;216;201;162;214;171;167;169;203;195;194;216;240;215;190;213;0
"Begge kjønn";"67-79 år";"Uke 51";258;256;236;233;206;218;187;225;218;152;198;187;197;179;216;210;203;220;219;195;0
"Begge kjønn";"67-79 år";"Uke 52";299;292;298;228;233;184;215;216;193;190;221;182;220;216;185;210;228;238;226;206;0
"Begge kjønn";"67-79 år";"Uke 53";0;0;0;0;218;0;0;0;0;209;0;0;0;0;0;207;0;0;0;0;0
"Begge kjønn";"80-89 år";"Uke 1";550;355;408;437;380;371;363;371;409;412;358;375;332;386;299;337;311;351;325;267;277
"Begge kjønn";"80-89 år";"Uke 2";507;378;354;382;408;346;361;359;374;417;352;342;293;311;285;327;265;360;313;240;302
"Begge kjønn";"80-89 år";"Uke 3";431;329;376;372;379;345;361;330;347;372;324;329;344;297;279;338;315;312;333;263;308
"Begge kjønn";"80-89 år";"Uke 4";406;350;330;382;388;325;369;359;331;350;284;315;305;356;285;347;295;309;290;279;289
"Begge kjønn";"80-89 år";"Uke 5";379;350;340;361;375;305;342;368;365;370;325;311;323;336;300;331;292;306;310;298;269
"Begge kjønn";"80-89 år";"Uke 6";382;372;368;342;320;346;311;378;309;365;352;296;341;334;290;332;284;293;299;272;252
"Begge kjønn";"80-89 år";"Uke 7";349;361;359;342;324;324;358;390;303;377;332;296;346;322;280;304;288;283;304;306;274
"Begge kjønn";"80-89 år";"Uke 8";341;321;357;344;300;359;316;393;301;365;329;317;348;293;269;311;230;290;320;278;283
"Begge kjønn";"80-89 år";"Uke 9";320;355;359;305;317;315;309;403;334;342;341;280;329;331;291;330;284;283;290;264;269
"Begge kjønn";"80-89 år";"Uke 10";300;311;357;300;324;359;355;378;306;305;319;329;313;294;294;349;270;253;320;265;258
"Begge kjønn";"80-89 år";"Uke 11";320;344;369;357;313;370;321;363;335;296;296;299;324;299;284;276;273;291;278;273;274
"Begge kjønn";"80-89 år";"Uke 12";278;334;358;329;316;362;296;300;332;312;343;320;304;298;280;262;276;262;306;273;260
"Begge kjønn";"80-89 år";"Uke 13";316;336;350;288;346;330;308;343;285;305;292;302;300;303;271;275;234;263;278;264;268
"Begge kjønn";"80-89 år";"Uke 14";293;329;328;330;296;349;305;327;331;335;294;310;305;287;311;290;296;267;246;233;270
"Begge kjønn";"80-89 år";"Uke 15";298;331;328;316;331;306;321;321;335;315;303;293;312;276;265;251;254;251;269;272;271
"Begge kjønn";"80-89 år";"Uke 16";303;360;321;300;310;335;324;310;307;312;283;285;291;262;302;237;257;243;257;234;254
"Begge kjønn";"80-89 år";"Uke 17";285;356;312;320;271;322;287;314;302;274;281;300;298;328;256;263;262;244;259;272;258
"Begge kjønn";"80-89 år";"Uke 18";287;307;308;276;256;304;290;284;327;274;296;280;294;257;258;234;269;250;240;250;232
"Begge kjønn";"80-89 år";"Uke 19";299;326;322;318;288;292;292;278;332;266;281;249;265;249;258;256;229;256;234;235;268
"Begge kjønn";"80-89 år";"Uke 20";266;339;296;265;275;278;320;287;308;287;292;246;272;279;252;260;237;215;242;227;220
"Begge kjønn";"80-89 år";"Uke 21";289;319;323;281;308;340;282;296;273;294;250;272;274;253;267;277;234;238;218;253;242
"Begge kjønn";"80-89 år";"Uke 22";325;299;288;246;298;315;292;281;303;299;285;241;281;229;225;243;220;236;226;252;213
"Begge kjønn";"80-89 år";"Uke 23";310;321;319;322;287;301;306;297;290;290;260;271;292;232;258;274;224;205;247;221;203
"Begge kjønn";"80-89 år";"Uke 24";343;300;266;265;314;277;284;312;300;284;274;268;263;257;224;275;227;254;223;241;248
"Begge kjønn";"80-89 år";"Uke 25";303;274;315;293;309;282;256;291;299;274;272;267;248;248;243;247;239;248;227;246;222
"Begge kjønn";"80-89 år";"Uke 26";277;330;278;245;277;292;260;280;289;302;279;263;255;250;226;245;218;254;234;225;201
"Begge kjønn";"80-89 år";"Uke 27";299;287;289;304;284;302;278;296;284;320;265;280;252;263;255;240;274;281;234;234;219
"Begge kjønn";"80-89 år";"Uke 28";296;293;292;293;308;302;286;282;316;285;262;272;261;272;248;214;212;223;233;251;200
"Begge kjønn";"80-89 år";"Uke 29";286;304;328;311;286;270;312;304;270;272;257;268;253;264;257;240;231;231;231;209;235
"Begge kjønn";"80-89 år";"Uke 30";287;319;315;312;287;272;280;294;306;262;278;255;249;239;263;231;253;232;240;231;242
"Begge kjønn";"80-89 år";"Uke 31";296;277;268;265;280;293;290;289;281;288;275;268;247;253;251;232;258;217;193;215;196
"Begge kjønn";"80-89 år";"Uke 32";278;288;320;294;289;279;266;308;272;286;277;262;271;271;239;238;257;208;213;227;181
"Begge kjønn";"80-89 år";"Uke 33";247;302;290;333;294;283;309;278;288;274;277;310;276;254;284;226;216;218;208;229;0
"Begge kjønn";"80-89 år";"Uke 34";289;270;250;280;290;279;311;277;286;262;274;293;260;260;229;236;234;225;244;222;0
"Begge kjønn";"80-89 år";"Uke 35";300;273;287;277;292;296;293;298;273;300;279;283;255;264;256;232;219;241;219;259;0
"Begge kjønn";"80-89 år";"Uke 36";293;318;308;310;271;302;313;295;295;284;273;270;280;246;261;230;238;244;217;245;0
"Begge kjønn";"80-89 år";"Uke 37";322;307;307;314;304;279;280;257;250;287;276;289;268;268;251;232;232;211;244;242;0
"Begge kjønn";"80-89 år";"Uke 38";274;284;306;297;304;272;296;313;298;260;288;287;273;251;234;263;215;224;253;217;0
"Begge kjønn";"80-89 år";"Uke 39";306;311;320;315;298;282;322;323;292;299;296;283;278;271;261;219;264;241;258;268;0
"Begge kjønn";"80-89 år";"Uke 40";303;315;326;298;326;274;319;293;281;286;319;303;244;238;238;242;233;248;199;215;0
"Begge kjønn";"80-89 år";"Uke 41";281;297;307;303;295;297;298;303;312;288;289;283;253;299;272;261;246;256;251;241;0
"Begge kjønn";"80-89 år";"Uke 42";311;325;311;323;297;284;301;316;301;285;328;289;294;284;281;278;261;215;242;252;0
"Begge kjønn";"80-89 år";"Uke 43";284;314;315;308;314;297;308;301;297;269;295;303;274;284;261;232;262;268;215;248;0
"Begge kjønn";"80-89 år";"Uke 44";314;346;328;302;303;277;339;286;271;287;281;310;302;262;238;247;224;263;286;248;0
"Begge kjønn";"80-89 år";"Uke 45";323;328;363;289;268;285;309;327;291;316;271;273;280;241;266;240;271;227;231;268;0
"Begge kjønn";"80-89 år";"Uke 46";298;300;341;308;308;275;327;316;312;300;317;279;289;294;289;251;262;255;247;275;0
"Begge kjønn";"80-89 år";"Uke 47";320;292;357;321;315;295;325;326;313;333;301;278;290;281;256;248;277;271;236;259;0
"Begge kjønn";"80-89 år";"Uke 48";329;345;341;412;305;294;326;310;335;305;333;305;282;273;276;284;259;279;264;265;0
"Begge kjønn";"80-89 år";"Uke 49";295;360;369;385;338;336;336;345;341;291;317;332;314;282;284;283;284;284;258;278;0
"Begge kjønn";"80-89 år";"Uke 50";327;312;363;386;330;313;343;321;323;334;343;326;316;300;290;262;283;271;257;257;0
"Begge kjønn";"80-89 år";"Uke 51";301;367;384;372;308;326;341;325;321;310;343;329;306;316;285;276;306;323;261;272;0
"Begge kjønn";"80-89 år";"Uke 52";376;359;429;363;347;397;360;401;367;367;326;334;377;291;284;281;327;284;290;264;0
"Begge kjønn";"80-89 år";"Uke 53";0;0;0;0;326;0;0;0;0;350;0;0;0;0;0;292;0;0;0;0;0
"Begge kjønn";"90 år og eldre";"Uke 1";216;143;170;160;168;156;156;146;182;195;174;206;196;237;172;239;200;295;215;250;216
"Begge kjønn";"90 år og eldre";"Uke 2";210;180;172;175;166;138;146;198;172;236;189;220;212;209;205;272;231;303;224;206;270
"Begge kjønn";"90 år og eldre";"Uke 3";157;137;143;172;154;122;147;152;166;214;168;190;214;226;205;221;214;244;243;207;192
"Begge kjønn";"90 år og eldre";"Uke 4";174;130;170;136;151;144;169;155;164;194;149;193;211;211;208;232;237;241;218;198;219
"Begge kjønn";"90 år og eldre";"Uke 5";131;131;143;145;145;155;148;174;161;181;178;175;190;218;203;244;213;242;232;222;207
"Begge kjønn";"90 år og eldre";"Uke 6";152;132;136;124;156;129;145;178;165;174;175;192;231;209;209;211;205;224;243;222;210
"Begge kjønn";"90 år og eldre";"Uke 7";162;130;174;134;136;151;148;188;153;176;179;177;212;192;208;237;208;220;250;232;231
"Begge kjønn";"90 år og eldre";"Uke 8";121;125;134;138;136;144;140;180;158;184;205;186;210;218;206;249;198;233;219;195;179
"Begge kjønn";"90 år og eldre";"Uke 9";119;127;134;137;148;183;133;181;174;179;166;154;218;190;196;252;207;238;237;216;208
"Begge kjønn";"90 år og eldre";"Uke 10";118;137;137;156;128;166;161;175;156;170;161;158;212;197;194;249;186;216;234;199;203
"Begge kjønn";"90 år og eldre";"Uke 11";126;157;132;146;121;143;154;176;160;177;165;162;200;199;200;228;192;215;235;211;216
"Begge kjønn";"90 år og eldre";"Uke 12";104;129;142;114;141;194;129;172;146;151;149;173;200;188;175;215;207;197;216;190;169
"Begge kjønn";"90 år og eldre";"Uke 13";112;126;124;124;123;165;157;150;162;167;188;158;210;191;163;203;198;179;203;187;209
"Begge kjønn";"90 år og eldre";"Uke 14";89;139;121;131;135;169;137;127;167;142;160;177;189;187;193;176;178;222;213;218;222
"Begge kjønn";"90 år og eldre";"Uke 15";98;119;127;127;147;151;165;163;151;157;183;195;189;197;196;204;205;186;219;177;226
"Begge kjønn";"90 år og eldre";"Uke 16";120;126;123;134;127;137;137;143;147;131;148;152;212;170;206;197;187;206;193;196;220
"Begge kjønn";"90 år og eldre";"Uke 17";111;145;135;127;133;132;155;122;147;151;136;163;184;196;170;185;173;192;208;203;167
"Begge kjønn";"90 år og eldre";"Uke 18";109;131;145;142;110;119;152;136;132;138;142;167;180;178;171;153;167;162;172;180;178
"Begge kjønn";"90 år og eldre";"Uke 19";131;121;147;129;117;125;129;139;137;141;159;164;157;161;163;180;187;172;172;191;150
"Begge kjønn";"90 år og eldre";"Uke 20";108;139;125;124;140;140;142;134;147;131;153;148;158;176;197;169;202;174;167;175;155
"Begge kjønn";"90 år og eldre";"Uke 21";107;125;130;116;124;128;136;144;134;160;135;168;169;158;160;191;178;186;155;180;168
"Begge kjønn";"90 år og eldre";"Uke 22";119;127;118;136;113;155;127;129;161;146;162;162;155;168;162;178;160;164;179;181;146
"Begge kjønn";"90 år og eldre";"Uke 23";124;109;140;126;130;124;126;155;149;150;139;164;169;152;181;186;162;174;164;184;164
"Begge kjønn";"90 år og eldre";"Uke 24";104;112;114;114;136;139;161;172;133;133;156;165;158;138;182;150;207;140;163;195;167
"Begge kjønn";"90 år og eldre";"Uke 25";108;121;128;123;113;110;145;127;140;125;133;162;178;146;162;158;182;192;168;158;189
"Begge kjønn";"90 år og eldre";"Uke 26";91;129;112;112;117;126;112;135;143;154;156;162;170;156;164;167;161;177;190;189;161
"Begge kjønn";"90 år og eldre";"Uke 27";114;113;124;120;121;105;147;119;144;167;154;141;159;146;192;163;166;173;222;186;182
"Begge kjønn";"90 år og eldre";"Uke 28";125;132;123;125;114;122;129;130;128;139;137;161;176;174;181;166;189;171;181;168;152
"Begge kjønn";"90 år og eldre";"Uke 29";113;136;124;138;111;122;138;124;137;144;170;175;172;135;170;157;154;170;167;191;166
"Begge kjønn";"90 år og eldre";"Uke 30";85;119;116;116;113;137;159;131;139;146;150;164;181;152;183;159;177;184;189;176;165
"Begge kjønn";"90 år og eldre";"Uke 31";141;126;128;123;115;116;149;128;151;103;142;152;149;152;160;126;164;163;178;184;174
"Begge kjønn";"90 år og eldre";"Uke 32";109;130;133;111;110;141;138;126;147;161;144;158;159;175;172;160;160;191;155;166;138
"Begge kjønn";"90 år og eldre";"Uke 33";120;110;115;124;126;141;133;120;130;161;142;167;160;155;178;178;180;172;169;169;0
"Begge kjønn";"90 år og eldre";"Uke 34";91;110;117;113;107;132;112;144;155;135;129;136;160;154;180;182;169;183;186;178;0
"Begge kjønn";"90 år og eldre";"Uke 35";102;113;120;104;105;115;135;130;142;124;134;172;136;168;167;172;168;168;166;184;0
"Begge kjønn";"90 år og eldre";"Uke 36";100;124;133;133;124;124;136;162;161;106;175;147;167;161;170;176;190;182;168;170;0
"Begge kjønn";"90 år og eldre";"Uke 37";88;102;132;112;133;124;133;149;136;130;170;169;211;168;153;181;166;172;173;172;0
"Begge kjønn";"90 år og eldre";"Uke 38";108;129;125;116;136;118;125;135;133;147;147;179;174;164;175;181;170;167;182;180;0
"Begge kjønn";"90 år og eldre";"Uke 39";121;122;117;151;140;131;148;132;139;130;169;156;162;173;169;174;158;174;149;189;0
"Begge kjønn";"90 år og eldre";"Uke 40";128;111;112;126;119;115;138;136;143;132;162;179;187;153;178;168;194;154;164;177;0
"Begge kjønn";"90 år og eldre";"Uke 41";102;118;147;121;136;110;146;156;138;157;178;176;173;196;173;170;176;187;170;201;0
"Begge kjønn";"90 år og eldre";"Uke 42";118;128;135;134;137;114;143;155;144;133;195;147;175;171;176;175;188;173;187;178;0
"Begge kjønn";"90 år og eldre";"Uke 43";117;112;139;128;127;141;155;156;149;104;198;176;186;198;174;174;202;185;171;206;0
"Begge kjønn";"90 år og eldre";"Uke 44";116;129;156;130;113;129;145;138;150;140;165;172;181;176;192;194;151;186;196;199;0
"Begge kjønn";"90 år og eldre";"Uke 45";113;140;140;138;150;123;136;121;139;159;164;149;162;170;193;188;192;171;205;182;0
"Begge kjønn";"90 år og eldre";"Uke 46";122;144;141;145;128;124;151;140;186;159;178;178;170;170;172;193;206;182;178;226;0
"Begge kjønn";"90 år og eldre";"Uke 47";123;143;144;133;140;147;156;155;203;150;161;194;167;183;192;188;216;200;171;205;0
"Begge kjønn";"90 år og eldre";"Uke 48";127;124;135;126;139;139;148;164;171;146;174;175;202;200;177;212;207;169;203;189;0
"Begge kjønn";"90 år og eldre";"Uke 49";123;124;166;147;152;148;172;171;156;170;199;171;190;195;209;208;215;175;206;221;0
"Begge kjønn";"90 år og eldre";"Uke 50";119;143;123;150;140;139;153;168;157;179;171;166;197;178;203;203;254;221;193;185;0
"Begge kjønn";"90 år og eldre";"Uke 51";144;139;156;171;153;146;158;177;170;167;200;194;208;192;219;175;260;213;216;182;0
"Begge kjønn";"90 år og eldre";"Uke 52";148;167;168;179;135;157;155;172;177;188;206;212;218;192;204;190;266;229;207;215;0
"Begge kjønn";"90 år og eldre";"Uke 53";0;0;0;0;158;0;0;0;0;188;0;0;0;0;0;218;0;0;0;0;0
"Menn";"0-17 år";"Uke 1";3;2;4;2;5;4;3;6;4;2;5;2;3;4;4;4;5;0;2;4;5
"Menn";"0-17 år";"Uke 2";5;5;1;3;7;7;3;0;3;2;2;2;4;2;3;6;1;1;0;4;1
"Menn";"0-17 år";"Uke 3";7;4;5;7;1;4;5;4;5;4;4;4;4;2;3;1;1;2;3;6;2
"Menn";"0-17 år";"Uke 4";10;4;4;6;5;7;5;1;0;6;1;4;0;3;2;5;3;4;1;2;3
"Menn";"0-17 år";"Uke 5";4;6;7;3;2;1;2;4;4;4;2;6;6;5;3;2;0;2;3;3;0
"Menn";"0-17 år";"Uke 6";10;3;6;7;4;2;5;1;7;8;4;6;10;1;3;2;4;5;2;3;2
"Menn";"0-17 år";"Uke 7";5;5;7;10;4;3;3;4;4;9;3;4;2;3;3;2;2;3;2;4;4
"Menn";"0-17 år";"Uke 8";4;5;4;7;4;7;1;2;7;4;2;2;1;5;4;2;5;6;3;5;2
"Menn";"0-17 år";"Uke 9";5;3;3;5;2;6;1;6;3;2;3;2;3;2;5;1;3;3;4;2;1
"Menn";"0-17 år";"Uke 10";3;2;6;7;2;4;8;6;5;2;1;4;2;1;2;1;3;7;2;5;1
"Menn";"0-17 år";"Uke 11";5;5;3;5;5;5;4;2;4;6;5;3;3;2;5;2;0;2;3;2;1
"Menn";"0-17 år";"Uke 12";9;4;7;3;5;1;3;6;4;3;7;0;4;0;5;3;1;3;2;3;5
"Menn";"0-17 år";"Uke 13";5;5;5;5;7;2;4;4;2;1;2;5;3;5;1;1;4;3;1;2;3
"Menn";"0-17 år";"Uke 14";5;6;5;3;3;4;5;2;7;5;3;10;3;1;3;0;3;2;1;1;2
"Menn";"0-17 år";"Uke 15";4;6;4;2;6;4;3;6;1;2;5;2;4;2;1;4;3;3;2;4;3
"Menn";"0-17 år";"Uke 16";4;4;3;4;3;3;1;2;4;5;3;2;3;1;4;4;3;5;5;0;3
"Menn";"0-17 år";"Uke 17";8;6;6;1;1;3;5;6;5;2;4;0;5;4;3;5;2;2;1;2;2
"Menn";"0-17 år";"Uke 18";6;1;3;3;4;6;4;9;7;4;0;4;6;1;0;3;1;2;0;3;1
"Menn";"0-17 år";"Uke 19";6;3;2;5;2;3;9;1;3;2;3;1;5;1;2;3;0;1;3;1;3
"Menn";"0-17 år";"Uke 20";4;6;6;4;4;5;4;1;4;4;9;3;4;1;2;4;0;4;1;4;2
"Menn";"0-17 år";"Uke 21";5;10;1;5;2;3;2;0;7;3;2;1;3;6;5;3;4;3;4;0;2
"Menn";"0-17 år";"Uke 22";3;2;1;5;4;3;5;2;3;4;4;3;1;1;1;4;1;2;4;3;4
"Menn";"0-17 år";"Uke 23";7;2;4;2;2;2;3;7;2;3;5;4;3;3;3;2;2;2;4;4;2
"Menn";"0-17 år";"Uke 24";7;5;3;4;3;4;3;7;2;2;4;3;3;1;6;0;0;2;4;4;3
"Menn";"0-17 år";"Uke 25";7;6;2;5;3;5;2;4;2;5;1;2;1;3;3;3;4;3;2;4;1
"Menn";"0-17 år";"Uke 26";4;3;5;3;2;5;4;1;6;3;7;4;4;3;6;4;1;3;2;0;0
"Menn";"0-17 år";"Uke 27";9;7;2;4;4;6;3;3;1;5;5;2;3;2;4;1;2;2;2;3;1
"Menn";"0-17 år";"Uke 28";4;6;5;4;2;2;5;3;4;6;5;1;4;2;5;2;2;0;2;1;1
"Menn";"0-17 år";"Uke 29";1;4;6;1;11;3;7;9;0;3;2;19;3;4;5;0;4;7;0;4;3
"Menn";"0-17 år";"Uke 30";2;4;4;2;4;3;4;2;5;6;3;2;5;1;4;3;4;3;5;3;2
"Menn";"0-17 år";"Uke 31";2;6;3;6;3;8;3;3;6;7;4;4;1;1;2;2;5;1;1;4;0
"Menn";"0-17 år";"Uke 32";5;6;5;7;3;4;7;5;3;2;3;4;2;1;2;2;2;2;3;2;0
"Menn";"0-17 år";"Uke 33";5;5;4;5;0;4;4;1;2;7;6;4;1;1;2;3;3;3;2;1;0
"Menn";"0-17 år";"Uke 34";4;7;6;3;1;5;2;7;6;3;4;5;2;6;2;3;2;1;2;1;0
"Menn";"0-17 år";"Uke 35";4;5;3;3;6;2;4;3;8;3;2;3;4;0;2;4;2;2;1;2;0
"Menn";"0-17 år";"Uke 36";4;2;3;5;2;4;3;3;3;3;2;1;3;2;1;1;4;4;2;1;0
"Menn";"0-17 år";"Uke 37";2;6;2;2;8;2;2;3;3;4;3;3;4;4;0;1;1;2;3;0;0
"Menn";"0-17 år";"Uke 38";6;8;6;0;2;5;1;4;1;7;3;6;0;3;4;3;3;1;4;2;0
"Menn";"0-17 år";"Uke 39";1;4;1;6;4;5;10;4;0;4;2;7;2;1;1;2;0;0;3;5;0
"Menn";"0-17 år";"Uke 40";7;7;4;4;6;3;4;4;4;5;4;1;3;1;1;3;1;3;3;2;0
"Menn";"0-17 år";"Uke 41";3;5;4;7;3;1;2;3;4;3;2;6;4;6;2;1;3;2;0;3;0
"Menn";"0-17 år";"Uke 42";9;1;4;9;2;5;4;3;9;2;2;1;2;4;2;6;5;2;3;4;0
"Menn";"0-17 år";"Uke 43";3;3;6;3;4;5;8;0;3;6;0;3;4;1;3;1;1;4;3;4;0
"Menn";"0-17 år";"Uke 44";4;4;4;3;2;2;4;2;0;3;3;0;2;1;2;3;0;1;1;0;0
"Menn";"0-17 år";"Uke 45";3;4;3;5;3;4;2;0;3;2;3;4;1;1;2;1;4;1;4;4;0
"Menn";"0-17 år";"Uke 46";5;3;5;2;4;1;4;3;5;4;3;2;2;4;3;3;2;4;1;4;0
"Menn";"0-17 år";"Uke 47";2;5;5;2;4;2;2;2;2;4;0;2;2;3;4;3;3;4;3;3;0
"Menn";"0-17 år";"Uke 48";4;5;3;8;5;4;3;4;4;4;2;2;5;4;5;1;1;1;1;2;0
"Menn";"0-17 år";"Uke 49";4;4;7;5;5;4;4;4;4;8;5;3;3;3;4;4;3;3;1;2;0
"Menn";"0-17 år";"Uke 50";5;4;5;8;1;3;0;2;4;4;1;3;2;0;1;3;3;1;2;0;0
"Menn";"0-17 år";"Uke 51";3;4;5;4;7;1;7;4;2;3;2;0;2;4;3;3;2;2;0;1;0
"Menn";"0-17 år";"Uke 52";5;4;3;6;17;8;4;5;5;3;2;1;3;3;3;4;2;5;1;2;0
"Menn";"0-17 år";"Uke 53";0;0;0;0;2;0;0;0;0;2;0;0;0;0;0;1;0;0;0;0;0
"Menn";"18-49 år";"Uke 1";23;35;29;30;22;23;24;30;27;21;27;27;15;23;17;22;11;15;20;13;20
"Menn";"18-49 år";"Uke 2";30;32;35;20;22;26;27;22;24;30;28;33;20;19;15;23;20;18;10;30;25
"Menn";"18-49 år";"Uke 3";26;25;33;31;28;23;27;22;27;30;12;27;23;16;22;21;33;24;21;13;17
"Menn";"18-49 år";"Uke 4";30;35;27;32;28;31;26;24;30;28;22;24;20;23;27;27;25;18;23;15;24
"Menn";"18-49 år";"Uke 5";23;37;17;32;30;23;24;23;31;25;25;28;27;18;25;21;14;17;12;16;32
"Menn";"18-49 år";"Uke 6";27;31;36;28;28;24;11;28;22;20;21;22;28;24;12;14;22;17;21;15;17
"Menn";"18-49 år";"Uke 7";40;28;21;32;25;20;25;20;23;22;21;32;19;25;18;22;24;23;19;16;20
"Menn";"18-49 år";"Uke 8";26;34;31;21;33;30;21;24;32;23;27;30;25;27;22;21;24;26;19;14;20
"Menn";"18-49 år";"Uke 9";27;44;21;23;29;36;28;24;35;20;26;29;16;25;17;20;26;18;33;23;22
"Menn";"18-49 år";"Uke 10";23;24;25;27;26;32;27;15;20;30;20;16;20;23;21;29;14;17;20;21;20
"Menn";"18-49 år";"Uke 11";33;39;22;30;29;17;18;26;24;26;18;17;27;22;25;30;17;17;21;16;29
"Menn";"18-49 år";"Uke 12";31;31;19;28;24;29;23;20;29;22;21;28;21;25;22;20;13;12;21;15;22
"Menn";"18-49 år";"Uke 13";33;27;25;24;25;27;23;20;22;27;29;20;24;21;22;13;28;20;19;27;21
"Menn";"18-49 år";"Uke 14";22;21;22;23;28;19;25;33;32;19;21;26;21;20;27;20;19;16;17;19;16
"Menn";"18-49 år";"Uke 15";36;28;26;21;28;20;26;19;21;30;23;24;25;16;11;14;22;18;18;19;21
"Menn";"18-49 år";"Uke 16";34;33;32;28;29;28;14;23;23;17;22;35;25;27;36;16;29;24;17;19;18
"Menn";"18-49 år";"Uke 17";39;34;23;24;21;29;19;18;20;19;20;29;19;24;17;27;24;32;19;25;25
"Menn";"18-49 år";"Uke 18";36;45;26;30;29;20;21;34;25;37;24;22;27;23;19;18;19;17;31;15;18
"Menn";"18-49 år";"Uke 19";28;27;31;29;23;30;28;28;27;26;19;32;25;34;35;20;22;16;25;26;27
"Menn";"18-49 år";"Uke 20";47;28;39;30;26;23;24;17;25;20;23;28;19;25;25;18;21;22;20;22;16
"Menn";"18-49 år";"Uke 21";34;36;22;23;23;21;25;20;28;34;26;28;23;21;21;22;28;21;16;11;21
"Menn";"18-49 år";"Uke 22";30;34;32;30;33;23;20;22;13;32;24;26;18;24;25;18;13;12;20;20;13
"Menn";"18-49 år";"Uke 23";36;37;34;34;28;20;25;23;18;24;16;17;24;12;17;22;21;14;25;12;21
"Menn";"18-49 år";"Uke 24";25;28;24;28;20;18;16;23;23;27;16;27;20;25;21;25;19;15;14;19;22
"Menn";"18-49 år";"Uke 25";32;33;24;39;22;18;33;26;30;33;30;29;23;21;26;18;23;21;16;27;23
"Menn";"18-49 år";"Uke 26";36;37;30;27;41;37;22;30;26;27;18;19;24;21;24;22;19;23;22;24;29
"Menn";"18-49 år";"Uke 27";48;41;34;32;24;19;29;20;16;24;38;30;15;24;12;22;19;17;18;17;22
"Menn";"18-49 år";"Uke 28";39;39;38;23;22;34;27;24;28;21;23;23;29;29;27;21;17;19;26;16;13
"Menn";"18-49 år";"Uke 29";33;37;28;38;22;38;35;24;13;20;21;45;22;28;24;15;25;24;28;22;13
"Menn";"18-49 år";"Uke 30";32;22;25;18;31;27;30;31;29;21;20;17;20;21;21;18;17;24;21;17;14
"Menn";"18-49 år";"Uke 31";43;37;40;26;25;26;28;28;33;29;24;32;18;30;25;17;18;21;15;20;19
"Menn";"18-49 år";"Uke 32";32;28;35;28;25;22;20;25;24;31;29;32;25;19;20;21;28;21;23;14;9
"Menn";"18-49 år";"Uke 33";33;31;25;37;24;30;28;15;16;20;24;24;25;32;16;12;20;20;20;15;0
"Menn";"18-49 år";"Uke 34";33;29;35;29;28;14;26;31;28;29;30;21;21;23;11;23;14;25;22;13;0
"Menn";"18-49 år";"Uke 35";30;27;22;25;22;21;33;30;21;22;35;14;22;13;20;19;16;11;21;18;0
"Menn";"18-49 år";"Uke 36";29;24;31;24;19;27;25;14;23;36;23;18;21;22;24;25;24;11;19;23;0
"Menn";"18-49 år";"Uke 37";33;31;26;33;26;37;30;30;24;28;26;24;16;24;26;22;26;17;21;24;0
"Menn";"18-49 år";"Uke 38";30;23;18;27;24;19;21;14;21;22;29;31;20;23;20;17;28;13;21;20;0
"Menn";"18-49 år";"Uke 39";28;25;22;24;29;21;26;21;33;23;23;30;24;20;19;18;14;16;17;33;0
"Menn";"18-49 år";"Uke 40";39;28;28;30;20;35;29;21;21;28;36;27;24;24;27;23;24;17;20;21;0
"Menn";"18-49 år";"Uke 41";29;35;31;26;31;26;26;24;24;20;29;18;25;20;24;25;21;19;19;17;0
"Menn";"18-49 år";"Uke 42";28;21;27;30;30;26;20;25;22;17;26;23;19;21;23;17;16;13;28;23;0
"Menn";"18-49 år";"Uke 43";35;15;35;19;22;21;26;29;23;22;14;25;18;22;30;27;19;19;14;22;0
"Menn";"18-49 år";"Uke 44";26;30;33;24;19;25;30;18;22;20;21;28;18;30;22;18;13;14;15;18;0
"Menn";"18-49 år";"Uke 45";37;26;33;25;16;29;16;27;30;22;24;23;23;19;32;27;17;16;19;18;0
"Menn";"18-49 år";"Uke 46";28;24;33;26;24;24;31;20;18;24;19;16;17;22;17;21;19;20;17;19;0
"Menn";"18-49 år";"Uke 47";35;23;21;20;23;28;19;22;27;23;19;23;17;29;26;21;19;23;14;18;0
"Menn";"18-49 år";"Uke 48";27;29;31;27;28;17;24;14;17;15;21;29;21;19;16;11;17;17;22;19;0
"Menn";"18-49 år";"Uke 49";22;28;21;30;28;21;26;20;19;27;17;21;17;20;21;15;20;20;21;26;0
"Menn";"18-49 år";"Uke 50";26;27;32;20;27;21;20;22;29;20;23;26;30;22;25;15;19;18;18;19;0
"Menn";"18-49 år";"Uke 51";34;34;34;34;25;30;32;26;24;17;14;15;22;16;16;19;28;21;20;19;0
"Menn";"18-49 år";"Uke 52";36;32;34;27;40;26;18;22;30;21;24;32;30;19;19;25;30;23;25;16;0
"Menn";"18-49 år";"Uke 53";0;0;0;0;36;0;0;0;0;24;0;0;0;0;0;22;0;0;0;0;0
"Menn";"50-66 år";"Uke 1";65;74;75;74;68;63;76;62;76;86;72;77;85;89;61;69;61;55;63;62;58
"Menn";"50-66 år";"Uke 2";71;58;64;57;66;52;64;70;77;69;58;58;57;61;55;66;56;56;47;74;61
"Menn";"50-66 år";"Uke 3";69;72;54;80;73;57;56;66;72;66;69;67;69;83;72;71;72;69;61;70;57
"Menn";"50-66 år";"Uke 4";62;65;80;55;70;61;61;52;54;100;58;74;69;68;62;71;74;46;62;66;40
"Menn";"50-66 år";"Uke 5";74;58;68;62;72;71;65;63;77;75;65;58;64;66;54;72;69;70;63;52;55
"Menn";"50-66 år";"Uke 6";57;63;58;64;70;66;80;62;67;61;81;74;74;63;64;68;61;57;61;63;59
"Menn";"50-66 år";"Uke 7";62;60;62;79;65;65;67;68;62;76;57;65;70;79;70;66;65;61;65;68;58
"Menn";"50-66 år";"Uke 8";68;53;65;60;64;67;65;80;78;63;66;65;72;76;65;69;47;64;72;56;52
"Menn";"50-66 år";"Uke 9";66;57;57;83;67;66;67;59;71;67;70;60;58;61;61;66;72;59;71;58;57
"Menn";"50-66 år";"Uke 10";66;62;68;67;53;66;63;57;69;59;74;75;73;65;51;77;54;51;62;66;44
"Menn";"50-66 år";"Uke 11";56;54;72;62;63;70;53;70;64;59;72;64;68;64;66;67;68;55;49;57;49
"Menn";"50-66 år";"Uke 12";57;64;71;66;76;72;81;69;69;66;68;58;65;58;55;54;51;64;60;73;65
"Menn";"50-66 år";"Uke 13";49;65;73;69;62;59;61;62;80;75;67;63;71;74;73;52;62;42;62;42;64
"Menn";"50-66 år";"Uke 14";66;65;57;64;55;59;62;56;64;66;67;73;69;66;62;50;57;57;57;51;48
"Menn";"50-66 år";"Uke 15";60;65;36;62;53;58;67;60;58;76;54;74;66;72;53;52;56;58;45;55;40
"Menn";"50-66 år";"Uke 16";72;57;60;56;54;65;59;53;67;56;75;76;66;70;65;56;58;53;47;55;57
"Menn";"50-66 år";"Uke 17";65;72;60;63;57;55;55;62;60;52;65;63;64;74;58;50;69;63;53;51;47
"Menn";"50-66 år";"Uke 18";72;44;64;52;61;69;63;67;56;56;72;64;76;64;62;55;74;55;55;74;55
"Menn";"50-66 år";"Uke 19";55;70;58;45;42;48;72;66;62;69;60;86;54;56;66;47;34;44;57;58;44
"Menn";"50-66 år";"Uke 20";67;57;73;61;65;66;57;61;61;60;68;55;70;70;58;51;79;60;42;53;46
"Menn";"50-66 år";"Uke 21";67;67;65;51;64;60;56;75;69;74;68;81;76;74;76;60;47;49;44;48;49
"Menn";"50-66 år";"Uke 22";50;56;55;57;69;65;70;70;63;73;71;67;74;61;47;44;49;49;57;53;54
"Menn";"50-66 år";"Uke 23";69;52;56;54;59;56;67;49;71;79;79;57;64;65;61;58;47;62;52;39;55
"Menn";"50-66 år";"Uke 24";66;66;65;66;55;70;60;69;71;65;54;62;75;49;41;56;55;63;56;52;45
"Menn";"50-66 år";"Uke 25";57;54;63;54;58;69;59;76;66;62;60;61;75;66;50;58;49;59;44;42;55
"Menn";"50-66 år";"Uke 26";71;65;57;57;57;56;66;58;73;55;60;67;67;54;57;54;66;48;60;65;38
"Menn";"50-66 år";"Uke 27";60;57;57;77;66;56;58;54;63;66;60;59;70;73;67;61;60;47;59;43;53
"Menn";"50-66 år";"Uke 28";63;61;65;57;74;53;58;60;58;65;59;82;51;66;68;56;66;54;60;50;60
"Menn";"50-66 år";"Uke 29";56;51;55;69;58;49;73;80;52;77;53;69;60;56;68;65;43;51;59;48;57
"Menn";"50-66 år";"Uke 30";56;47;69;48;57;72;71;54;73;61;76;51;74;60;58;60;48;57;56;48;39
"Menn";"50-66 år";"Uke 31";51;48;53;58;70;64;61;65;67;67;61;66;74;60;72;53;62;60;54;46;39
"Menn";"50-66 år";"Uke 32";67;70;64;55;72;59;52;52;70;81;63;79;60;68;57;53;59;55;46;68;39
"Menn";"50-66 år";"Uke 33";54;57;63;55;46;57;67;73;67;49;78;72;63;77;56;47;65;47;52;63;0
"Menn";"50-66 år";"Uke 34";65;57;53;68;65;51;67;61;66;68;59;60;59;64;55;58;43;52;67;40;0
"Menn";"50-66 år";"Uke 35";54;63;62;63;54;54;63;71;58;53;65;78;59;66;78;44;61;54;49;60;0
"Menn";"50-66 år";"Uke 36";48;60;66;56;66;61;63;84;63;59;60;63;49;65;59;67;72;64;62;45;0
"Menn";"50-66 år";"Uke 37";52;60;53;62;56;56;49;68;76;59;67;64;74;72;67;48;58;65;45;49;0
"Menn";"50-66 år";"Uke 38";43;63;73;68;49;70;58;68;71;56;62;62;53;68;42;46;46;47;48;58;0
"Menn";"50-66 år";"Uke 39";65;61;67;56;62;65;70;67;56;57;74;69;45;52;49;63;58;55;56;58;0
"Menn";"50-66 år";"Uke 40";46;51;59;70;68;63;65;70;58;72;72;67;56;69;71;66;69;65;44;67;0
"Menn";"50-66 år";"Uke 41";55;60;57;66;69;48;62;58;62;73;71;53;58;46;55;56;53;64;53;52;0
"Menn";"50-66 år";"Uke 42";58;61;76;58;47;64;67;57;56;68;75;52;57;57;54;45;56;54;51;48;0
"Menn";"50-66 år";"Uke 43";56;54;57;61;52;52;72;55;64;63;86;66;60;64;63;70;48;58;59;67;0
"Menn";"50-66 år";"Uke 44";62;45;62;76;54;68;56;56;62;69;71;61;72;68;67;55;63;57;51;64;0
"Menn";"50-66 år";"Uke 45";72;59;70;60;61;67;56;51;72;63;72;46;58;63;52;58;60;64;72;63;0
"Menn";"50-66 år";"Uke 46";65;66;54;55;57;57;66;64;58;70;83;66;70;64;56;51;63;46;53;47;0
"Menn";"50-66 år";"Uke 47";69;70;55;52;66;51;68;73;59;63;71;63;65;66;62;60;59;58;62;46;0
"Menn";"50-66 år";"Uke 48";72;62;71;64;69;63;51;67;71;63;85;71;56;54;58;53;54;53;60;43;0
"Menn";"50-66 år";"Uke 49";39;57;74;56;57;49;62;63;70;62;76;50;82;55;55;61;52;57;58;56;0
"Menn";"50-66 år";"Uke 50";52;64;58;78;68;71;61;72;60;67;73;66;79;55;65;65;55;64;52;58;0
"Menn";"50-66 år";"Uke 51";69;86;77;60;75;56;63;67;59;79;75;71;77;60;69;51;62;65;39;59;0
"Menn";"50-66 år";"Uke 52";65;65;67;60;91;75;68;61;77;76;77;53;63;83;60;66;72;61;69;45;0
"Menn";"50-66 år";"Uke 53";0;0;0;0;62;0;0;0;0;75;0;0;0;0;0;65;0;0;0;0;0
"Menn";"67-79 år";"Uke 1";211;141;159;143;155;120;125;124;135;136;126;130;130;118;108;112;134;126;142;126;131
"Menn";"67-79 år";"Uke 2";209;151;140;181;114;108;113;120;106;109;101;123;116;138;125;132;134;161;126;143;127
"Menn";"67-79 år";"Uke 3";170;151;153;151;141;118;125;126;113;125;114;103;91;126;114;125;130;128;115;115;130
"Menn";"67-79 år";"Uke 4";166;140;152;114;123;122;112;120;114;139;114;105;99;124;120;123;144;113;122;140;133
"Menn";"67-79 år";"Uke 5";177;159;155;127;135;128;106;113;113;118;104;110;112;112;107;111;130;127;129;134;109
"Menn";"67-79 år";"Uke 6";154;173;163;137;128;118;105;125;100;103;101;91;103;119;111;109;120;99;137;123;122
"Menn";"67-79 år";"Uke 7";148;175;166;126;107;128;103;121;124;113;134;115;116;111;110;102;112;119;138;129;128
"Menn";"67-79 år";"Uke 8";147;149;150;118;117;119;108;146;97;117;119;109;115;120;126;148;122;138;139;112;131
"Menn";"67-79 år";"Uke 9";152;151;134;124;116;123;104;126;118;118;100;108;117;110;118;109;112;117;127;117;126
"Menn";"67-79 år";"Uke 10";145;149;178;134;120;142;112;117;114;102;128;129;102;100;93;102;96;124;133;115;122
"Menn";"67-79 år";"Uke 11";139;140;150;136;135;143;115;126;111;118;91;88;107;116;119;98;120;106;140;122;112
"Menn";"67-79 år";"Uke 12";134;155;133;128;99;128;108;107;111;108;108;93;105;118;114;127;114;124;151;130;147
"Menn";"67-79 år";"Uke 13";143;150;132;116;109;119;131;105;96;117;107;107;116;109;104;113;106;117;116;122;156
"Menn";"67-79 år";"Uke 14";157;143;138;139;110;124;98;111;124;90;109;98;133;123;120;121;104;103;137;108;112
"Menn";"67-79 år";"Uke 15";149;162;125;128;127;135;87;106;115;115;109;102;104;118;99;129;104;111;117;108;142
"Menn";"67-79 år";"Uke 16";152;160;118;125;119;129;100;121;114;93;93;106;93;101;121;116;106;110;138;115;141
"Menn";"67-79 år";"Uke 17";141;151;127;115;103;114;94;87;115;103;100;124;111;117;93;99;117;118;116;114;132
"Menn";"67-79 år";"Uke 18";131;127;133;129;99;110;123;107;117;109;110;101;103;108;114;102;102;110;118;106;125
"Menn";"67-79 år";"Uke 19";142;146;115;109;106;107;105;106;99;96;125;103;108;104;116;96;110;115;121;121;119
"Menn";"67-79 år";"Uke 20";127;121;168;118;111;111;113;100;106;95;106;106;121;109;122;90;98;108;103;124;115
"Menn";"67-79 år";"Uke 21";127;124;113;126;109;108;114;113;80;121;116;126;95;99;123;92;116;113;127;115;122
"Menn";"67-79 år";"Uke 22";115;129;127;110;108;106;95;88;115;95;113;107;93;104;96;86;94;97;109;99;100
"Menn";"67-79 år";"Uke 23";157;135;113;126;102;113;94;104;123;102;100;109;92;101;99;112;93;137;104;129;99
"Menn";"67-79 år";"Uke 24";156;121;143;96;114;128;100;112;117;93;92;101;87;106;93;116;102;115;105;84;110
"Menn";"67-79 år";"Uke 25";130;135;131;126;117;109;102;113;106;89;85;98;82;101;113;100;109;115;122;138;115
"Menn";"67-79 år";"Uke 26";127;115;142;125;110;107;103;101;80;104;90;101;104;89;106;108;108;105;101;134;113
"Menn";"67-79 år";"Uke 27";146;151;131;117;115;97;109;93;120;102;95;83;92;110;105;116;97;93;110;119;102
"Menn";"67-79 år";"Uke 28";127;131;140;103;114;112;111;106;99;91;125;82;101;99;117;115;117;110;104;133;96
"Menn";"67-79 år";"Uke 29";131;133;135;105;111;88;100;101;101;93;93;104;94;92;101;116;104;125;112;141;111
"Menn";"67-79 år";"Uke 30";133;126;133;109;112;103;94;107;102;89;88;116;85;90;132;88;101;110;114;114;110
"Menn";"67-79 år";"Uke 31";139;140;138;114;135;106;100;108;112;93;89;97;84;109;113;126;94;107;112;112;107
"Menn";"67-79 år";"Uke 32";117;127;123;113;109;108;88;128;95;105;118;111;100;93;111;104;114;121;121;99;97
"Menn";"67-79 år";"Uke 33";142;133;140;113;101;86;88;99;107;101;90;112;102;114;114;103;109;110;114;135;0
"Menn";"67-79 år";"Uke 34";126;130;97;99;98;117;94;109;111;102;105;100;97;90;99;117;106;101;101;112;0
"Menn";"67-79 år";"Uke 35";122;143;110;116;101;96;115;99;84;102;98;97;98;109;101;123;113;110;124;109;0
"Menn";"67-79 år";"Uke 36";117;154;140;105;108;107;128;120;92;115;109;108;95;104;103;110;109;87;91;117;0
"Menn";"67-79 år";"Uke 37";136;145;122;142;104;115;110;84;110;107;97;95;93;92;105;108;115;108;103;109;0
"Menn";"67-79 år";"Uke 38";157;150;146;133;110;128;100;105;80;89;96;105;100;101;84;94;91;122;93;136;0
"Menn";"67-79 år";"Uke 39";130;129;129;105;104;107;101;99;94;93;79;101;113;105;107;110;119;110;108;114;0
"Menn";"67-79 år";"Uke 40";144;121;125;88;106;102;118;102;105;102;113;100;94;100;99;138;110;113;131;108;0
"Menn";"67-79 år";"Uke 41";136;141;120;105;115;116;118;103;115;100;99;83;100;112;103;102;98;110;109;135;0
"Menn";"67-79 år";"Uke 42";155;120;148;123;121;98;102;124;116;106;96;120;103;121;93;99;110;113;120;132;0
"Menn";"67-79 år";"Uke 43";138;123;123;132;114;119;117;98;118;104;111;97;124;107;115;112;109;117;110;92;0
"Menn";"67-79 år";"Uke 44";144;133;133;126;110;111;108;116;105;96;91;112;108;93;124;104;105;96;127;109;0
"Menn";"67-79 år";"Uke 45";118;136;139;111;126;105;110;104;102;104;103;106;105;94;94;113;123;84;117;134;0
"Menn";"67-79 år";"Uke 46";151;135;146;131;122;107;124;110;97;106;102;99;100;108;119;118;126;108;105;131;0
"Menn";"67-79 år";"Uke 47";128;128;146;134;121;100;101;94;99;97;111;122;112;109;113;103;136;117;113;122;0
"Menn";"67-79 år";"Uke 48";139;131;142;136;138;130;96;114;128;115;113;113;92;112;117;111;106;120;118;110;0
"Menn";"67-79 år";"Uke 49";122;144;135;113;113;131;121;110;106;96;96;130;116;98;111;104;102;138;118;109;0
"Menn";"67-79 år";"Uke 50";125;142;128;133;95;134;117;93;122;106;102;95;117;115;109;132;140;122;117;119;0
"Menn";"67-79 år";"Uke 51";132;148;135;152;128;133;104;127;134;89;107;118;102;121;127;126;112;110;122;108;0
"Menn";"67-79 år";"Uke 52";171;170;161;131;144;111;128;122;108;111;130;111;135;128;101;124;122;130;146;110;0
"Menn";"67-79 år";"Uke 53";0;0;0;0;124;0;0;0;0;110;0;0;0;0;0;126;0;0;0;0;0
"Menn";"80-89 år";"Uke 1";227;156;153;189;171;166;163;168;195;193;163;166;141;168;142;166;130;168;143;120;141
"Menn";"80-89 år";"Uke 2";212;168;144;174;193;155;144;151;167;213;141;169;144;144;119;148;138;180;145;113;150
"Menn";"80-89 år";"Uke 3";182;145;161;168;154;153;169;153;165;153;139;145;160;138;124;154;142;149;150;123;153
"Menn";"80-89 år";"Uke 4";173;148;136;171;170;145;160;166;166;164;139;160;135;157;113;175;155;139;153;136;146
"Menn";"80-89 år";"Uke 5";176;160;167;150;165;133;126;168;166;174;163;145;158;145;126;143;139;148;137;151;128
"Menn";"80-89 år";"Uke 6";178;171;154;139;158;160;161;186;145;173;150;137;146;156;142;158;153;137;147;128;137
"Menn";"80-89 år";"Uke 7";152;156;163;146;128;149;149;195;142;169;152;147;165;152;136;147;139;140;152;165;121
"Menn";"80-89 år";"Uke 8";159;133;168;148;126;145;145;170;116;160;162;148;159;137;110;155;102;142;149;126;133
"Menn";"80-89 år";"Uke 9";135;158;155;144;149;129;124;174;164;156;155;126;158;175;128;170;116;145;147;133;132
"Menn";"80-89 år";"Uke 10";130;137;142;129;142;168;175;160;132;129;154;161;150;134;135;178;133;125;155;121;109
"Menn";"80-89 år";"Uke 11";139;143;169;155;135;178;139;149;168;131;140;147;160;131;134;126;144;143;126;134;136
"Menn";"80-89 år";"Uke 12";118;148;152;137;139;166;133;131;154;123;150;138;146;146;129;130;133;119;134;129;133
"Menn";"80-89 år";"Uke 13";127;142;163;116;149;149;134;171;118;133;141;128;137;122;122;125;110;106;137;123;124
"Menn";"80-89 år";"Uke 14";129;171;148;147;134;164;141;148;145;143;132;137;144;141;134;122;135;128;119;109;131
"Menn";"80-89 år";"Uke 15";130;137;137;148;138;139;133;145;139;147;134;134;134;136;125;119;114;120;132;142;129
"Menn";"80-89 år";"Uke 16";110;172;141;150;127;148;142;133;129;138;111;139;148;120;155;112;118;122;135;113;116
"Menn";"80-89 år";"Uke 17";121;150;125;155;101;158;110;155;150;128;128;143;140;156;121;110;117;110;128;123;129
"Menn";"80-89 år";"Uke 18";127;132;138;129;123;146;114;130;146;127;131;128;131;118;127;122;113;126;114;126;109
"Menn";"80-89 år";"Uke 19";125;140;137;145;128;134;117;130;156;101;122;117;127;120;112;116;104;129;119;110;127
"Menn";"80-89 år";"Uke 20";118;153;130;129;127;140;150;122;129;137;113;109;119;129;112;121;108;94;118;118;93
"Menn";"80-89 år";"Uke 21";116;151;123;131;143;161;128;136;131;138;114;122;120;122;116;134;113;112;111;112;119
"Menn";"80-89 år";"Uke 22";140;132;125;104;114;150;136;106;139;127;139;117;146;114;118;124;103;117;101;126;103
"Menn";"80-89 år";"Uke 23";127;140;127;123;117;126;131;132;129;131;125;118;141;104;137;141;121;98;120;92;108
"Menn";"80-89 år";"Uke 24";158;127;123;116;144;115;130;145;125;134;140;122;132;125;110;134;108;128;99;116;119
"Menn";"80-89 år";"Uke 25";142;129;142;121;131;135;102;127;147;135;133;118;112;119;112;112;103;105;103;128;118
"Menn";"80-89 år";"Uke 26";116;163;126;106;138;135;115;125;118;144;127;122;120;125;117;123;122;131;112;102;105
"Menn";"80-89 år";"Uke 27";141;132;124;123;146;121;130;140;118;142;112;134;114;130;122;119;122;114;114;106;113
"Menn";"80-89 år";"Uke 28";124;131;132;138;134;150;135;118;145;126;130;138;133;128;118;109;113;100;118;123;94
"Menn";"80-89 år";"Uke 29";126;132;147;138;139;110;141;128;116;123;122;117;105;124;126;113;115;112;113;96;106
"Menn";"80-89 år";"Uke 30";129;121;127;134;130;127;125;134;143;123;122;107;112;98;127;102;118;111;131;116;124
"Menn";"80-89 år";"Uke 31";127;107;93;114;133;148;132;126;126;127;116;141;116;111;124;112;128;87;92;109;84
"Menn";"80-89 år";"Uke 32";128;129;129;119;129;131;120;141;133;129;136;119;124;119;97;113;127;87;98;109;98
"Menn";"80-89 år";"Uke 33";90;130;127;134;134;121;124;121;114;113;125;145;128;105;122;100;105;113;107;112;0
"Menn";"80-89 år";"Uke 34";122;119;117;120;122;125;147;139;129;109;133;130;113;130;107;114;98;107;110;102;0
"Menn";"80-89 år";"Uke 35";138;110;125;130;129;132;139;109;132;127;123;124;110;133;128;102;105;120;112;129;0
"Menn";"80-89 år";"Uke 36";108;127;141;142;127;135;148;125;122;129;126;125;149;118;125;99;118;116;95;115;0
"Menn";"80-89 år";"Uke 37";142;132;126;131;133;135;125;119;127;135;104;134;130;137;128;115;102;110;130;110;0
"Menn";"80-89 år";"Uke 38";126;131;151;134;137;107;125;152;135;108;115;123;116;130;109;129;95;118;113;105;0
"Menn";"80-89 år";"Uke 39";126;148;148;138;145;138;149;133;137;128;148;144;132;130;136;107;120;128;141;122;0
"Menn";"80-89 år";"Uke 40";125;140;155;124;134;127;140;123;123;134;139;142;99;119;126;106;112;126;94;96;0
"Menn";"80-89 år";"Uke 41";112;130;142;136;120;136;136;137;139;117;132;118;112;138;128;119;111;122;137;117;0
"Menn";"80-89 år";"Uke 42";141;126;126;148;134;122;115;154;137;118;149;129;148;132;138;142;109;97;126;117;0
"Menn";"80-89 år";"Uke 43";123;146;138;115;132;132;130;150;141;117;122;139;135;128;118;119;137;150;106;124;0
"Menn";"80-89 år";"Uke 44";144;176;149;138;121;137;148;126;116;112;134;150;145;107;115;117;115;131;144;111;0
"Menn";"80-89 år";"Uke 45";136;155;167;151;127;128;129;152;126;137;128;132;129;121;115;109;121;105;118;139;0
"Menn";"80-89 år";"Uke 46";146;133;153;113;126;107;127;149;134;144;144;129;140;160;151;115;132;116;120;129;0
"Menn";"80-89 år";"Uke 47";141;129;154;158;146;143;147;155;139;140;139;142;131;133;130;129;141;128;120;117;0
"Menn";"80-89 år";"Uke 48";127;149;148;180;140;140;147;137;171;152;160;139;130;129;115;133;132;128;122;136;0
"Menn";"80-89 år";"Uke 49";144;155;159;168;141;145;147;142;171;126;136;156;153;128;137;142;132;117;110;146;0
"Menn";"80-89 år";"Uke 50";140;124;176;170;132;144;140;140;147;145;175;144;139;142;129;126;129;131;108;130;0
"Menn";"80-89 år";"Uke 51";139;151;178;160;134;145;153;156;154;135;166;149;140;151;144;129;129;159;125;139;0
"Menn";"80-89 år";"Uke 52";184;159;177;147;176;185;159;169;175;164;142;166;168;129;127;125;145;120;142;138;0
"Menn";"80-89 år";"Uke 53";0;0;0;0;142;0;0;0;0;166;0;0;0;0;0;154;0;0;0;0;0
"Menn";"90 år og eldre";"Uke 1";66;34;47;38;45;49;42;45;40;49;42;71;56;79;60;79;61;95;64;74;81
"Menn";"90 år og eldre";"Uke 2";53;58;61;44;49;36;39;60;48;70;56;65;60;65;64;94;72;96;75;54;78
"Menn";"90 år og eldre";"Uke 3";47;47;43;58;46;41;43;47;56;64;55;55;61;75;55;65;61;80;87;75;61
"Menn";"90 år og eldre";"Uke 4";52;40;48;36;42;46;52;35;42;57;42;54;61;60;70;82;86;74;70;71;65
"Menn";"90 år og eldre";"Uke 5";35;36;43;41;38;45;42;51;49;43;55;53;65;57;61;79;65;72;65;76;70
"Menn";"90 år og eldre";"Uke 6";52;39;44;35;49;45;40;47;50;44;62;68;57;72;61;64;66;69;61;71;73
"Menn";"90 år og eldre";"Uke 7";46;43;34;29;45;50;42;53;45;48;53;50;53;60;73;61;70;82;81;75;78
"Menn";"90 år og eldre";"Uke 8";43;35;27;37;33;43;37;54;52;48;54;56;61;60;72;72;70;68;63;61;66
"Menn";"90 år og eldre";"Uke 9";35;36;41;32;41;62;35;57;46;58;50;52;62;58;57;64;62;75;73;75;67
"Menn";"90 år og eldre";"Uke 10";29;39;38;44;38;54;50;50;52;55;47;52;59;56;61;70;61;65;77;74;61
"Menn";"90 år og eldre";"Uke 11";37;49;37;36;46;39;47;57;43;44;58;51;66;54;59;69;71;54;67;61;82
"Menn";"90 år og eldre";"Uke 12";27;36;46;35;36;51;37;45;47;37;40;41;65;57;61;55;64;71;69;58;66
"Menn";"90 år og eldre";"Uke 13";31;30;38;39;33;52;45;40;47;44;59;49;60;53;51;50;63;59;73;56;67
"Menn";"90 år og eldre";"Uke 14";24;36;33;41;36;40;33;28;50;35;40;40;58;58;64;51;40;57;69;51;71
"Menn";"90 år og eldre";"Uke 15";30;44;35;36;45;45;31;40;40;42;54;64;61;59;52;70;73;59;62;51;77
"Menn";"90 år og eldre";"Uke 16";37;34;38;40;30;33;32;42;40;29;39;40;59;47;60;65;52;48;59;63;68
"Menn";"90 år og eldre";"Uke 17";35;34;36;42;39;26;45;39;40;46;41;56;51;56;56;51;49;67;73;61;55
"Menn";"90 år og eldre";"Uke 18";34;40;53;39;34;39;42;47;35;40;26;42;53;52;51;44;61;53;63;54;56
"Menn";"90 år og eldre";"Uke 19";32;29;47;38;29;34;40;40;38;43;56;52;40;50;47;51;55;53;56;62;57
"Menn";"90 år og eldre";"Uke 20";28;43;37;33;42;33;40;48;53;31;44;42;48;53;61;54;54;60;55;54;53
"Menn";"90 år og eldre";"Uke 21";24;35;44;34;25;47;33;43;46;52;44;46;49;48;49;58;55;58;39;64;49
"Menn";"90 år og eldre";"Uke 22";30;33;31;33;28;44;28;38;54;47;54;44;41;56;38;59;56;38;56;73;58
"Menn";"90 år og eldre";"Uke 23";45;30;44;32;38;37;30;51;49;48;39;46;46;43;60;51;50;60;39;65;56
"Menn";"90 år og eldre";"Uke 24";36;31;39;29;35;34;39;46;45;38;48;51;66;49;65;42;60;43;54;62;64
"Menn";"90 år og eldre";"Uke 25";34;37;34;35;32;35;44;37;43;36;41;38;54;47;58;47;61;72;58;52;68
"Menn";"90 år og eldre";"Uke 26";22;35;35;33;30;31;27;41;32;43;44;43;41;58;46;50;47;62;58;61;54
"Menn";"90 år og eldre";"Uke 27";27;24;32;41;30;30;39;30;51;47;50;32;48;36;54;45;47;60;81;57;61
"Menn";"90 år og eldre";"Uke 28";29;30;32;34;35;32;30;36;39;41;46;46;55;50;55;52;56;46;53;72;55
"Menn";"90 år og eldre";"Uke 29";23;37;31;44;41;22;44;44;39;54;43;53;45;34;58;43;50;63;39;66;43
"Menn";"90 år og eldre";"Uke 30";26;33;25;37;30;42;34;49;39;42;49;41;57;44;55;42;48;57;59;69;54
"Menn";"90 år og eldre";"Uke 31";40;42;38;32;40;36;40;35;48;32;41;47;44;37;55;45;46;52;58;60;60
"Menn";"90 år og eldre";"Uke 32";32;40;37;30;26;30;40;31;49;44;45;53;41;53;42;56;58;64;52;56;45
"Menn";"90 år og eldre";"Uke 33";34;31;28;38;41;36;52;36;45;42;41;47;38;48;62;52;53;56;49;53;0
"Menn";"90 år og eldre";"Uke 34";31;24;38;34;27;42;31;41;51;28;35;33;51;40;56;53;56;49;65;59;0
"Menn";"90 år og eldre";"Uke 35";24;30;26;31;35;29;28;42;35;35;38;49;34;53;50;54;52;55;50;69;0
"Menn";"90 år og eldre";"Uke 36";22;33;39;25;38;28;40;55;43;31;42;36;48;45;58;56;63;51;44;60;0
"Menn";"90 år og eldre";"Uke 37";23;28;35;42;27;29;36;44;37;41;48;40;59;34;44;62;56;51;55;60;0
"Menn";"90 år og eldre";"Uke 38";33;50;35;26;43;30;32;42;32;39;40;46;47;52;64;72;56;61;56;66;0
"Menn";"90 år og eldre";"Uke 39";31;29;29;51;43;41;43;42;36;38;45;39;43;48;55;58;54;46;55;70;0
"Menn";"90 år og eldre";"Uke 40";37;32;31;46;27;33;48;37;34;42;51;57;58;43;60;53;58;42;51;63;0
"Menn";"90 år og eldre";"Uke 41";30;35;40;29;34;27;40;52;49;46;51;47;54;58;53;54;52;60;48;69;0
"Menn";"90 år og eldre";"Uke 42";32;37;49;43;46;33;32;39;34;53;58;39;45;45;49;58;53;58;60;39;0
"Menn";"90 år og eldre";"Uke 43";33;37;36;39;30;48;42;43;39;29;55;50;55;56;60;48;64;47;52;70;0
"Menn";"90 år og eldre";"Uke 44";41;44;37;38;31;36;45;44;44;28;50;45;51;46;58;62;53;60;63;69;0
"Menn";"90 år og eldre";"Uke 45";41;44;43;42;51;33;49;33;49;44;56;40;52;43;68;55;63;54;67;64;0
"Menn";"90 år og eldre";"Uke 46";30;31;42;47;45;41;47;40;58;47;43;49;34;50;58;58;57;59;54;76;0
"Menn";"90 år og eldre";"Uke 47";33;52;36;42;35;49;51;40;65;49;50;56;49;56;62;60;70;59;45;61;0
"Menn";"90 år og eldre";"Uke 48";39;34;36;35;47;40;47;36;55;35;47;55;60;54;54;69;63;68;58;45;0
"Menn";"90 år og eldre";"Uke 49";30;39;54;43;47;35;29;51;57;58;52;51;54;72;62;76;66;65;68;66;0
"Menn";"90 år og eldre";"Uke 50";28;34;27;48;31;42;44;52;48;43;59;49;61;55;61;63;80;72;51;72;0
"Menn";"90 år og eldre";"Uke 51";43;36;42;44;47;44;42;56;55;51;50;61;61;49;79;57;81;59;74;62;0
"Menn";"90 år og eldre";"Uke 52";39;41;48;50;32;43;43;49;51;59;64;45;73;55;58;62;79;77;59;78;0
"Menn";"90 år og eldre";"Uke 53";0;0;0;0;52;0;0;0;0;60;0;0;0;0;0;64;0;0;0;0;0
"Kvinner";"0-17 år";"Uke 1";7;3;2;3;3;3;2;1;2;3;1;4;3;1;1;1;0;6;3;0;6
"Kvinner";"0-17 år";"Uke 2";5;8;2;3;9;3;1;2;5;8;2;1;1;2;5;0;1;1;2;4;3
"Kvinner";"0-17 år";"Uke 3";1;2;4;4;2;2;3;2;3;1;3;2;4;3;3;1;4;3;2;2;1
"Kvinner";"0-17 år";"Uke 4";3;1;4;2;7;4;4;4;1;4;1;3;3;0;4;1;3;2;0;0;1
"Kvinner";"0-17 år";"Uke 5";6;2;5;5;2;1;2;5;7;4;3;3;1;2;3;3;5;1;3;4;6
"Kvinner";"0-17 år";"Uke 6";6;3;5;1;2;3;2;8;1;0;0;2;3;3;3;1;6;1;3;3;1
"Kvinner";"0-17 år";"Uke 7";3;4;4;2;4;0;4;0;0;3;0;2;2;6;1;1;4;4;2;1;1
"Kvinner";"0-17 år";"Uke 8";4;2;7;4;4;3;5;1;0;4;4;3;0;2;0;1;2;2;2;1;5
"Kvinner";"0-17 år";"Uke 9";3;4;3;3;2;2;3;1;6;2;5;2;2;1;2;3;2;2;2;1;0
"Kvinner";"0-17 år";"Uke 10";3;2;6;1;4;2;5;3;3;5;2;4;3;6;4;2;2;4;2;2;2
"Kvinner";"0-17 år";"Uke 11";1;1;3;8;2;2;2;3;3;3;2;3;3;1;2;1;2;0;0;1;2
"Kvinner";"0-17 år";"Uke 12";6;4;4;4;5;1;3;3;1;1;2;2;2;2;0;1;0;4;0;2;2
"Kvinner";"0-17 år";"Uke 13";5;1;2;3;1;4;5;3;0;0;1;2;4;1;2;1;2;3;3;1;3
"Kvinner";"0-17 år";"Uke 14";1;3;4;5;4;3;2;4;1;3;2;2;4;2;4;1;1;0;3;0;3
"Kvinner";"0-17 år";"Uke 15";3;7;4;3;5;1;4;1;2;2;4;1;2;5;3;4;1;4;2;1;1
"Kvinner";"0-17 år";"Uke 16";2;1;3;4;1;2;3;1;1;7;6;1;2;3;2;3;3;1;2;0;0
"Kvinner";"0-17 år";"Uke 17";4;6;3;5;4;2;2;2;3;2;7;3;2;6;1;2;2;6;1;2;2
"Kvinner";"0-17 år";"Uke 18";6;7;4;0;1;5;0;6;5;2;3;2;6;1;2;3;1;2;2;3;1
"Kvinner";"0-17 år";"Uke 19";1;8;6;2;2;1;2;0;3;1;2;1;4;3;1;3;1;1;1;0;1
"Kvinner";"0-17 år";"Uke 20";11;1;3;4;3;3;4;6;3;3;4;2;5;0;0;4;4;0;1;5;2
"Kvinner";"0-17 år";"Uke 21";2;4;2;2;1;3;4;3;3;2;0;2;3;4;3;0;1;1;4;0;2
"Kvinner";"0-17 år";"Uke 22";1;7;2;3;3;1;3;2;2;3;2;2;1;2;3;1;1;0;5;1;1
"Kvinner";"0-17 år";"Uke 23";7;1;2;2;3;3;5;4;4;2;1;2;5;2;6;1;0;0;3;0;2
"Kvinner";"0-17 år";"Uke 24";1;1;2;3;5;4;1;4;1;4;0;2;0;4;1;2;1;3;0;0;1
"Kvinner";"0-17 år";"Uke 25";4;2;0;4;4;4;1;4;2;2;2;2;5;2;3;1;1;1;3;0;1
"Kvinner";"0-17 år";"Uke 26";3;4;8;4;2;4;2;2;1;6;3;3;1;2;1;2;2;1;2;2;2
"Kvinner";"0-17 år";"Uke 27";1;3;1;1;2;2;1;1;3;8;1;2;2;5;2;5;1;3;2;2;0
"Kvinner";"0-17 år";"Uke 28";2;1;4;3;6;0;3;2;1;1;4;2;3;0;2;2;3;3;1;4;1
"Kvinner";"0-17 år";"Uke 29";3;6;1;1;5;0;3;4;2;1;3;21;1;2;1;2;3;0;1;1;0
"Kvinner";"0-17 år";"Uke 30";4;3;2;2;2;1;2;1;5;4;4;1;0;0;1;2;1;4;2;6;2
"Kvinner";"0-17 år";"Uke 31";1;4;5;3;2;1;3;4;1;2;3;4;2;2;0;4;0;3;4;4;3
"Kvinner";"0-17 år";"Uke 32";4;5;4;1;4;2;3;2;0;1;0;3;2;2;3;2;2;3;2;2;0
"Kvinner";"0-17 år";"Uke 33";0;3;0;5;2;4;1;1;4;3;4;0;1;1;0;0;2;4;0;3;0
"Kvinner";"0-17 år";"Uke 34";5;1;4;2;1;0;5;2;3;7;2;1;2;0;2;0;1;2;1;0;0
"Kvinner";"0-17 år";"Uke 35";3;2;5;5;2;3;2;4;0;3;5;4;0;1;2;3;4;3;0;1;0
"Kvinner";"0-17 år";"Uke 36";5;1;3;5;1;5;2;5;5;3;1;1;1;1;2;0;1;1;1;1;0
"Kvinner";"0-17 år";"Uke 37";1;3;2;3;6;1;3;3;3;4;3;1;3;6;0;1;2;3;0;0;0
"Kvinner";"0-17 år";"Uke 38";4;2;4;3;1;3;2;2;0;1;6;1;3;3;2;1;0;3;1;1;0
"Kvinner";"0-17 år";"Uke 39";0;2;4;2;1;1;3;4;4;0;0;1;4;3;4;3;1;3;1;1;0
"Kvinner";"0-17 år";"Uke 40";3;2;6;5;0;1;1;1;4;3;2;3;4;3;2;3;2;3;1;0;0
"Kvinner";"0-17 år";"Uke 41";7;3;3;3;7;3;6;1;2;0;2;2;5;4;1;3;1;2;2;1;0
"Kvinner";"0-17 år";"Uke 42";5;3;4;2;4;0;3;0;1;4;1;1;3;2;1;0;0;3;1;1;0
"Kvinner";"0-17 år";"Uke 43";7;1;4;4;5;7;1;4;4;1;1;3;4;2;2;0;4;2;1;2;0
"Kvinner";"0-17 år";"Uke 44";4;4;5;0;6;3;2;2;2;5;3;2;4;0;1;1;2;0;2;2;0
"Kvinner";"0-17 år";"Uke 45";1;1;4;6;1;4;1;2;2;5;3;3;0;2;4;1;1;0;0;3;0
"Kvinner";"0-17 år";"Uke 46";6;5;0;1;2;3;1;5;2;0;5;5;3;2;2;0;5;1;1;2;0
"Kvinner";"0-17 år";"Uke 47";3;2;2;0;2;2;0;4;3;2;1;1;3;2;0;1;4;4;1;3;0
"Kvinner";"0-17 år";"Uke 48";4;1;3;5;0;3;3;5;1;2;4;1;3;2;0;1;1;1;2;1;0
"Kvinner";"0-17 år";"Uke 49";3;4;2;4;3;4;1;1;2;5;3;1;5;3;3;2;4;1;4;4;0
"Kvinner";"0-17 år";"Uke 50";9;5;6;5;0;2;7;1;1;3;0;2;1;2;2;3;4;1;5;4;0
"Kvinner";"0-17 år";"Uke 51";1;1;6;8;2;2;1;5;0;1;1;1;4;2;0;2;2;2;2;0;0
"Kvinner";"0-17 år";"Uke 52";3;4;5;3;15;2;6;5;1;0;0;4;1;2;3;1;5;5;1;1;0
"Kvinner";"0-17 år";"Uke 53";0;0;0;0;5;0;0;0;0;0;0;0;0;0;0;2;0;0;0;0;0
"Kvinner";"18-49 år";"Uke 1";23;14;16;18;11;11;9;17;17;12;10;17;11;9;15;11;13;13;6;8;10
"Kvinner";"18-49 år";"Uke 2";15;23;14;12;15;12;17;14;13;9;18;8;12;11;10;15;13;3;15;9;14
"Kvinner";"18-49 år";"Uke 3";17;20;8;17;15;12;21;13;9;9;13;15;12;16;12;9;15;8;11;8;7
"Kvinner";"18-49 år";"Uke 4";16;12;7;26;12;11;13;17;13;22;15;11;10;15;8;11;14;9;16;11;16
"Kvinner";"18-49 år";"Uke 5";18;14;8;16;17;8;16;11;14;14;10;15;12;12;6;10;9;15;10;10;11
"Kvinner";"18-49 år";"Uke 6";20;22;16;12;12;15;17;14;10;18;17;16;10;9;11;20;4;12;12;12;9
"Kvinner";"18-49 år";"Uke 7";13;27;8;15;13;17;15;21;13;18;15;16;10;12;13;8;6;12;12;13;12
"Kvinner";"18-49 år";"Uke 8";16;14;16;15;19;15;12;12;11;10;19;12;8;13;4;4;11;5;7;10;12
"Kvinner";"18-49 år";"Uke 9";14;9;16;10;19;11;18;17;13;10;14;9;8;10;8;9;15;9;5;11;14
"Kvinner";"18-49 år";"Uke 10";8;18;25;16;15;10;15;13;9;12;10;13;9;10;12;8;7;11;14;16;16
"Kvinner";"18-49 år";"Uke 11";14;17;12;14;14;19;21;14;15;12;8;11;8;10;6;13;12;9;7;4;18
"Kvinner";"18-49 år";"Uke 12";16;15;8;12;19;16;8;11;16;15;16;11;7;17;12;12;8;10;12;8;8
"Kvinner";"18-49 år";"Uke 13";12;16;15;17;17;20;10;12;14;10;14;14;11;12;4;7;12;10;10;13;13
"Kvinner";"18-49 år";"Uke 14";10;20;9;11;16;19;7;10;11;13;12;7;11;5;10;9;11;12;7;10;12
"Kvinner";"18-49 år";"Uke 15";13;12;6;16;18;14;17;10;8;8;8;9;13;15;10;8;17;9;11;7;13
"Kvinner";"18-49 år";"Uke 16";12;19;10;18;10;15;12;7;14;6;9;12;10;14;10;14;10;13;9;11;8
"Kvinner";"18-49 år";"Uke 17";14;7;14;17;10;13;19;21;11;8;11;12;10;9;10;9;12;12;9;12;10
"Kvinner";"18-49 år";"Uke 18";9;12;11;16;15;5;15;17;22;11;10;8;7;12;14;10;12;16;10;8;11
"Kvinner";"18-49 år";"Uke 19";14;21;14;12;14;20;7;10;13;13;21;12;6;14;11;9;7;7;6;12;8
"Kvinner";"18-49 år";"Uke 20";14;8;15;19;12;14;12;12;15;12;9;10;9;8;13;6;16;7;11;10;3
"Kvinner";"18-49 år";"Uke 21";15;12;12;13;15;12;10;24;18;17;13;10;12;13;11;7;7;8;11;13;10
"Kvinner";"18-49 år";"Uke 22";12;11;14;14;10;12;13;7;16;14;4;6;9;7;9;14;8;13;8;10;9
"Kvinner";"18-49 år";"Uke 23";19;11;9;14;17;12;17;16;9;11;7;12;6;9;7;7;8;14;8;8;9
"Kvinner";"18-49 år";"Uke 24";14;12;5;11;16;10;10;17;9;4;14;15;14;11;11;12;11;11;8;5;11
"Kvinner";"18-49 år";"Uke 25";14;12;14;14;13;15;14;15;14;8;14;10;10;12;10;11;9;10;18;8;7
"Kvinner";"18-49 år";"Uke 26";9;20;15;12;13;13;7;12;11;16;10;12;14;10;10;12;10;8;17;9;10
"Kvinner";"18-49 år";"Uke 27";15;21;13;12;20;8;11;14;22;10;5;11;17;13;12;10;9;11;8;10;11
"Kvinner";"18-49 år";"Uke 28";13;13;14;15;17;13;15;5;20;15;10;12;9;13;10;11;12;5;13;9;13
"Kvinner";"18-49 år";"Uke 29";14;12;15;20;15;21;16;11;8;14;14;29;11;6;12;13;10;15;5;13;10
"Kvinner";"18-49 år";"Uke 30";12;15;12;13;17;8;18;14;14;6;18;22;11;16;12;7;13;12;8;8;8
"Kvinner";"18-49 år";"Uke 31";17;10;20;12;12;19;11;10;13;18;12;8;8;14;13;3;15;7;11;15;11
"Kvinner";"18-49 år";"Uke 32";10;19;17;17;13;23;8;10;17;10;18;10;15;11;5;18;9;11;9;5;5
"Kvinner";"18-49 år";"Uke 33";13;13;12;13;16;19;6;14;11;11;15;11;9;7;5;7;8;11;6;9;0
"Kvinner";"18-49 år";"Uke 34";16;10;12;10;12;8;5;12;6;5;13;14;13;12;12;11;5;11;9;13;0
"Kvinner";"18-49 år";"Uke 35";12;13;20;18;9;16;9;14;13;16;13;11;13;15;12;13;7;7;8;17;0
"Kvinner";"18-49 år";"Uke 36";14;16;15;15;14;13;18;10;5;22;10;10;20;11;12;11;7;5;14;6;0
"Kvinner";"18-49 år";"Uke 37";9;22;14;10;9;11;9;15;13;17;7;13;14;16;10;10;8;15;12;8;0
"Kvinner";"18-49 år";"Uke 38";22;9;11;9;12;15;13;7;10;18;20;13;16;16;6;9;9;9;9;9;0
"Kvinner";"18-49 år";"Uke 39";14;12;20;11;13;14;11;7;14;10;10;13;12;12;20;12;7;11;10;11;0
"Kvinner";"18-49 år";"Uke 40";14;13;12;11;12;17;17;8;11;22;9;15;13;11;8;15;12;10;14;6;0
"Kvinner";"18-49 år";"Uke 41";17;10;9;11;15;9;16;15;9;16;9;12;9;10;6;13;12;8;12;11;0
"Kvinner";"18-49 år";"Uke 42";11;9;19;3;14;11;7;14;10;14;15;16;8;11;11;6;8;10;8;7;0
"Kvinner";"18-49 år";"Uke 43";15;21;11;12;17;17;17;9;9;10;16;13;16;9;9;14;12;8;14;20;0
"Kvinner";"18-49 år";"Uke 44";12;18;10;11;21;18;13;15;9;11;13;11;9;8;9;13;13;9;10;13;0
"Kvinner";"18-49 år";"Uke 45";17;13;14;15;10;13;16;15;11;8;7;12;9;11;11;7;8;15;10;5;0
"Kvinner";"18-49 år";"Uke 46";14;10;16;12;13;12;10;16;10;10;15;14;12;11;14;12;15;11;12;10;0
"Kvinner";"18-49 år";"Uke 47";12;10;14;17;20;15;17;10;8;5;15;12;10;9;19;15;10;11;9;12;0
"Kvinner";"18-49 år";"Uke 48";16;18;15;16;16;10;14;11;12;9;11;8;10;16;11;13;9;10;9;10;0
"Kvinner";"18-49 år";"Uke 49";14;11;12;15;11;14;19;8;20;11;16;11;16;9;19;13;17;13;7;12;0
"Kvinner";"18-49 år";"Uke 50";12;16;14;12;12;12;13;17;16;20;9;10;15;13;20;17;12;12;7;6;0
"Kvinner";"18-49 år";"Uke 51";17;10;17;16;11;11;12;17;11;11;16;9;12;13;6;11;12;8;6;9;0
"Kvinner";"18-49 år";"Uke 52";20;11;15;13;41;16;9;13;10;11;9;9;14;6;10;16;9;14;11;13;0
"Kvinner";"18-49 år";"Uke 53";0;0;0;0;11;0;0;0;0;10;0;0;0;0;0;11;0;0;0;0;0
"Kvinner";"50-66 år";"Uke 1";48;33;45;44;35;34;37;46;46;46;45;50;30;37;33;44;41;46;49;36;36
"Kvinner";"50-66 år";"Uke 2";40;40;42;46;39;47;31;38;48;32;49;42;37;50;30;39;37;44;34;45;37
"Kvinner";"50-66 år";"Uke 3";52;29;41;32;39;36;39;40;40;52;38;41;40;43;48;37;49;41;54;30;28
"Kvinner";"50-66 år";"Uke 4";51;46;42;37;41;39;41;50;44;50;43;41;36;45;35;36;49;34;39;25;37
"Kvinner";"50-66 år";"Uke 5";41;34;44;40;55;32;42;45;41;46;53;50;49;54;55;38;52;41;34;45;39
"Kvinner";"50-66 år";"Uke 6";31;43;44;38;48;39;33;50;55;41;51;40;38;42;44;45;41;24;43;33;30
"Kvinner";"50-66 år";"Uke 7";36;36;51;29;50;49;39;43;49;48;48;37;47;38;41;32;40;36;38;43;41
"Kvinner";"50-66 år";"Uke 8";44;47;31;32;42;31;37;55;45;59;50;46;40;42;43;38;32;34;30;41;34
"Kvinner";"50-66 år";"Uke 9";50;38;45;40;41;42;54;44;33;39;36;47;44;49;28;42;55;48;38;30;34
"Kvinner";"50-66 år";"Uke 10";37;47;66;34;35;37;46;41;40;45;25;46;36;44;35;46;47;57;40;38;41
"Kvinner";"50-66 år";"Uke 11";24;32;34;44;39;52;39;44;47;44;49;44;40;60;38;35;30;30;37;38;36
"Kvinner";"50-66 år";"Uke 12";42;42;39;36;41;41;46;42;39;53;40;41;28;47;49;27;33;23;38;35;38
"Kvinner";"50-66 år";"Uke 13";40;31;30;41;33;38;41;39;54;36;49;39;47;32;36;45;37;25;32;47;32
"Kvinner";"50-66 år";"Uke 14";45;40;46;39;30;38;43;45;52;38;46;50;44;45;41;42;46;32;46;34;38
"Kvinner";"50-66 år";"Uke 15";45;40;43;28;38;55;37;38;33;51;30;41;44;35;54;35;34;40;42;25;34
"Kvinner";"50-66 år";"Uke 16";39;28;45;44;40;55;42;50;41;46;42;46;46;42;40;36;33;30;28;32;25
"Kvinner";"50-66 år";"Uke 17";20;31;49;46;33;25;32;39;31;49;47;41;45;32;49;39;30;39;36;30;49
"Kvinner";"50-66 år";"Uke 18";32;43;46;31;38;36;44;36;44;41;33;29;35;44;36;33;33;43;42;31;36
"Kvinner";"50-66 år";"Uke 19";33;41;40;35;36;35;27;41;35;34;49;52;50;42;35;36;39;37;44;33;34
"Kvinner";"50-66 år";"Uke 20";32;44;47;39;26;44;42;43;50;40;36;36;34;46;49;32;32;33;32;31;41
"Kvinner";"50-66 år";"Uke 21";33;50;32;34;43;40;50;53;42;40;25;39;35;26;40;40;28;33;27;44;37
"Kvinner";"50-66 år";"Uke 22";29;28;28;28;42;28;34;36;36;45;38;45;23;43;36;40;44;39;50;39;27
"Kvinner";"50-66 år";"Uke 23";35;46;35;35;29;35;34;42;42;43;39;39;43;35;39;37;44;30;32;32;37
"Kvinner";"50-66 år";"Uke 24";28;42;43;36;34;45;40;29;33;35;46;49;49;43;36;44;37;30;28;49;34
"Kvinner";"50-66 år";"Uke 25";39;40;30;44;36;44;41;39;46;36;49;35;41;44;28;40;28;32;34;26;39
"Kvinner";"50-66 år";"Uke 26";41;44;44;28;36;43;35;27;18;39;51;53;52;30;42;41;35;38;37;35;33
"Kvinner";"50-66 år";"Uke 27";32;31;44;31;34;41;40;30;31;36;48;20;38;46;34;33;39;37;47;36;23
"Kvinner";"50-66 år";"Uke 28";41;40;47;38;42;36;43;41;41;41;41;49;46;31;34;33;35;41;36;30;32
"Kvinner";"50-66 år";"Uke 29";28;39;44;47;47;28;29;52;42;39;42;41;38;52;35;39;36;31;29;34;38
"Kvinner";"50-66 år";"Uke 30";41;30;32;36;33;34;38;32;42;32;27;44;40;30;37;21;44;37;38;42;36
"Kvinner";"50-66 år";"Uke 31";34;38;40;38;52;40;43;35;45;39;43;42;38;47;38;39;39;28;35;33;23
"Kvinner";"50-66 år";"Uke 32";32;39;40;32;42;42;53;33;52;31;41;36;56;44;37;36;32;33;42;37;23
"Kvinner";"50-66 år";"Uke 33";40;38;43;40;33;41;37;43;36;32;40;53;32;35;48;38;34;36;32;27;0
"Kvinner";"50-66 år";"Uke 34";47;39;28;37;34;38;38;45;33;38;42;33;44;42;33;33;25;48;28;32;0
"Kvinner";"50-66 år";"Uke 35";34;27;42;31;45;37;37;31;46;41;30;40;41;31;39;40;36;33;37;41;0
"Kvinner";"50-66 år";"Uke 36";28;32;37;38;39;39;30;43;34;42;40;38;37;42;44;49;37;33;40;33;0
"Kvinner";"50-66 år";"Uke 37";45;45;35;33;35;32;33;45;30;35;53;27;39;47;42;31;30;30;39;32;0
"Kvinner";"50-66 år";"Uke 38";37;40;40;40;25;46;45;27;47;40;33;63;40;41;48;50;45;40;29;38;0
"Kvinner";"50-66 år";"Uke 39";47;49;43;35;43;42;33;40;39;31;49;41;41;36;48;31;44;28;34;30;0
"Kvinner";"50-66 år";"Uke 40";33;47;34;39;40;31;31;37;50;32;57;37;33;43;41;41;31;44;41;48;0
"Kvinner";"50-66 år";"Uke 41";43;39;34;38;24;39;60;56;40;44;34;37;53;34;43;35;44;37;34;35;0
"Kvinner";"50-66 år";"Uke 42";35;40;30;39;43;32;34;32;41;47;39;34;56;31;42;41;57;40;30;45;0
"Kvinner";"50-66 år";"Uke 43";30;35;35;43;44;43;35;32;38;37;42;50;36;35;49;33;40;43;38;44;0
"Kvinner";"50-66 år";"Uke 44";26;42;28;38;38;42;37;45;43;45;49;46;38;42;33;35;37;35;30;33;0
"Kvinner";"50-66 år";"Uke 45";34;45;38;39;45;50;49;33;40;39;52;44;43;36;35;42;41;47;32;37;0
"Kvinner";"50-66 år";"Uke 46";29;35;46;32;32;34;39;55;51;42;44;39;35;40;33;36;34;43;43;44;0
"Kvinner";"50-66 år";"Uke 47";39;20;35;46;35;37;43;35;28;49;42;36;29;39;42;31;44;30;37;29;0
"Kvinner";"50-66 år";"Uke 48";30;35;39;36;44;44;41;35;40;36;54;39;41;42;44;45;41;28;38;35;0
"Kvinner";"50-66 år";"Uke 49";34;40;37;44;32;43;28;37;40;40;47;46;41;36;34;35;29;38;38;39;0
"Kvinner";"50-66 år";"Uke 50";38;32;34;51;27;42;34;36;37;38;42;49;32;42;41;32;48;41;35;38;0
"Kvinner";"50-66 år";"Uke 51";39;28;35;39;32;55;45;28;46;36;63;40;46;51;38;39;48;43;39;36;0
"Kvinner";"50-66 år";"Uke 52";53;37;36;48;44;43;38;53;49;61;46;35;54;46;46;40;43;32;41;42;0
"Kvinner";"50-66 år";"Uke 53";0;0;0;0;44;0;0;0;0;39;0;0;0;0;0;33;0;0;0;0;0
"Kvinner";"67-79 år";"Uke 1";150;101;119;128;97;85;82;85;82;107;68;89;90;100;71;98;94;99;113;105;101
"Kvinner";"67-79 år";"Uke 2";127;92;108;87;108;103;89;84;67;94;79;80;72;81;72;97;106;101;101;72;108
"Kvinner";"67-79 år";"Uke 3";143;110;101;127;108;82;84;76;94;80;62;74;80;97;72;89;106;97;102;97;94
"Kvinner";"67-79 år";"Uke 4";126;102;103;106;90;90;79;86;67;108;85;89;68;76;58;77;93;90;86;98;100
"Kvinner";"67-79 år";"Uke 5";125;94;112;96;113;111;85;76;67;82;77;77;79;86;80;79;97;93;85;105;87
"Kvinner";"67-79 år";"Uke 6";102;91;109;109;84;73;81;111;93;70;61;77;99;89;70;96;105;91;83;97;96
"Kvinner";"67-79 år";"Uke 7";114;99;95;81;82;88;74;89;79;101;84;82;95;79;73;92;77;84;97;102;88
"Kvinner";"67-79 år";"Uke 8";113;112;111;109;91;86;96;73;80;78;94;69;79;107;62;88;93;100;106;116;95
"Kvinner";"67-79 år";"Uke 9";116;103;98;96;102;104;72;83;92;85;80;100;88;92;84;93;97;86;100;97;107
"Kvinner";"67-79 år";"Uke 10";129;108;92;109;94;91;92;89;88;74;91;83;90;86;83;112;83;82;123;106;92
"Kvinner";"67-79 år";"Uke 11";103;122;105;85;81;100;98;79;73;80;81;59;85;84;67;86;84;79;97;112;87
"Kvinner";"67-79 år";"Uke 12";92;112;106;82;87;109;72;72;76;85;85;74;82;86;83;64;99;89;99;76;89
"Kvinner";"67-79 år";"Uke 13";93;92;120;97;86;94;94;84;75;79;64;81;62;80;81;85;76;94;83;85;85
"Kvinner";"67-79 år";"Uke 14";87;99;85;93;95;76;81;68;80;67;78;85;82;77;65;77;87;98;92;107;108
"Kvinner";"67-79 år";"Uke 15";117;105;90;92;82;87;74;83;71;64;76;88;72;85;61;94;77;96;102;89;88
"Kvinner";"67-79 år";"Uke 16";92;88;105;89;93;78;79;94;67;54;65;75;85;90;72;98;70;73;82;99;87
"Kvinner";"67-79 år";"Uke 17";94;103;103;84;77;67;65;64;75;79;86;82;76;79;75;70;64;108;79;89;82
"Kvinner";"67-79 år";"Uke 18";98;98;84;97;77;93;89;71;81;90;70;68;81;69;79;75;70;88;86;103;93
"Kvinner";"67-79 år";"Uke 19";98;112;87;76;81;75;71;71;73;79;66;60;79;69;85;79;82;84;75;95;84
"Kvinner";"67-79 år";"Uke 20";88;83;103;85;80;77;79;80;77;69;77;73;74;68;87;73;87;71;95;81;85
"Kvinner";"67-79 år";"Uke 21";103;91;91;95;75;79;72;77;87;70;75;75;73;73;86;88;70;83;86;77;85
"Kvinner";"67-79 år";"Uke 22";96;108;90;98;87;68;80;84;80;63;72;65;70;66;70;88;89;76;99;71;93
"Kvinner";"67-79 år";"Uke 23";101;107;83;99;70;74;70;77;83;67;64;70;92;71;75;59;68;86;74;78;83
"Kvinner";"67-79 år";"Uke 24";98;106;79;80;88;57;73;75;63;65;66;60;63;66;75;66;70;99;70;86;82
"Kvinner";"67-79 år";"Uke 25";102;106;98;87;79;74;73;71;64;66;64;60;74;72;67;76;81;76;69;74;82
"Kvinner";"67-79 år";"Uke 26";101;111;82;99;75;71;74;83;82;64;83;81;91;81;79;97;58;76;76;84;90
"Kvinner";"67-79 år";"Uke 27";87;117;102;89;74;80;75;71;70;86;66;66;87;70;70;70;89;92;74;86;69
"Kvinner";"67-79 år";"Uke 28";107;87;83;79;67;70;66;63;83;87;64;54;60;74;81;73;81;68;81;73;88
"Kvinner";"67-79 år";"Uke 29";82;75;98;82;78;71;48;67;67;73;79;77;76;67;61;75;75;95;89;78;91
"Kvinner";"67-79 år";"Uke 30";87;94;86;78;83;87;81;88;70;63;76;75;75;73;73;80;63;65;100;76;74
"Kvinner";"67-79 år";"Uke 31";92;104;84;95;73;66;86;72;84;74;59;61;81;66;65;61;54;84;75;94;89
"Kvinner";"67-79 år";"Uke 32";96;117;81;97;81;75;77;95;71;77;79;64;59;81;75;66;76;97;91;86;76
"Kvinner";"67-79 år";"Uke 33";91;80;84;74;77;71;79;72;63;67;78;61;76;67;75;84;80;83;91;82;0
"Kvinner";"67-79 år";"Uke 34";89;88;90;76;65;77;79;79;66;77;66;71;63;63;62;69;85;91;94;66;0
"Kvinner";"67-79 år";"Uke 35";81;112;83;91;68;62;73;76;64;53;79;62;70;67;75;70;97;101;90;88;0
"Kvinner";"67-79 år";"Uke 36";109;100;74;92;85;80;79;81;70;59;65;82;84;87;68;76;77;77;80;73;0
"Kvinner";"67-79 år";"Uke 37";100;75;98;97;85;90;88;73;69;63;65;57;78;58;83;78;76;81;65;71;0
"Kvinner";"67-79 år";"Uke 38";109;87;105;71;79;84;79;71;72;68;70;59;82;76;82;86;74;71;81;94;0
"Kvinner";"67-79 år";"Uke 39";96;96;95;84;80;80;94;81;72;82;84;72;70;84;69;77;75;75;76;110;0
"Kvinner";"67-79 år";"Uke 40";101;85;98;83;68;76;66;73;72;82;84;65;74;73;86;67;65;76;85;67;0
"Kvinner";"67-79 år";"Uke 41";87;99;105;85;81;82;71;70;79;77;71;79;72;81;81;86;77;79;64;90;0
"Kvinner";"67-79 år";"Uke 42";94;100;87;77;96;80;71;81;90;61;79;57;70;88;85;74;85;70;74;92;0
"Kvinner";"67-79 år";"Uke 43";88;110;92;82;64;78;85;83;74;84;80;71;69;75;81;89;76;89;71;89;0
"Kvinner";"67-79 år";"Uke 44";107;90;99;84;78;85;76;67;77;73;86;67;87;78;63;75;80;85;96;88;0
"Kvinner";"67-79 år";"Uke 45";111;81;107;80;76;74;87;84;85;76;67;92;92;70;94;71;93;79;86;71;0
"Kvinner";"67-79 år";"Uke 46";86;102;105;92;89;65;82;85;85;61;79;64;72;83;78;68;86;90;79;88;0
"Kvinner";"67-79 år";"Uke 47";93;88;81;97;75;85;88;79;73;72;81;81;70;84;91;75;87;73;74;87;0
"Kvinner";"67-79 år";"Uke 48";96;109;127;104;81;88;93;79;78;76;99;88;81;84;79;100;94;92;85;104;0
"Kvinner";"67-79 år";"Uke 49";92;108;98;122;88;80;90;79;95;65;61;81;74;75;80;79;93;103;111;104;0
"Kvinner";"67-79 år";"Uke 50";91;105;104;101;88;82;84;69;92;65;65;74;86;80;85;84;100;93;73;94;0
"Kvinner";"67-79 år";"Uke 51";126;108;101;81;78;85;83;98;84;63;91;69;95;58;89;84;91;110;97;87;0
"Kvinner";"67-79 år";"Uke 52";128;122;137;97;89;73;87;94;85;79;91;71;85;88;84;86;106;108;80;96;0
"Kvinner";"67-79 år";"Uke 53";0;0;0;0;94;0;0;0;0;99;0;0;0;0;0;81;0;0;0;0;0
"Kvinner";"80-89 år";"Uke 1";323;199;255;248;209;205;200;203;214;219;195;209;191;218;157;171;181;183;182;147;136
"Kvinner";"80-89 år";"Uke 2";295;210;210;208;215;191;217;208;207;204;211;173;149;167;166;179;127;180;168;127;152
"Kvinner";"80-89 år";"Uke 3";249;184;215;204;225;192;192;177;182;219;185;184;184;159;155;184;173;163;183;140;155
"Kvinner";"80-89 år";"Uke 4";233;202;194;211;218;180;209;193;165;186;145;155;170;199;172;172;140;170;137;143;143
"Kvinner";"80-89 år";"Uke 5";203;190;173;211;210;172;216;200;199;196;162;166;165;191;174;188;153;158;173;147;141
"Kvinner";"80-89 år";"Uke 6";204;201;214;203;162;186;150;192;164;192;202;159;195;178;148;174;131;156;152;144;115
"Kvinner";"80-89 år";"Uke 7";197;205;196;196;196;175;209;195;161;208;180;149;181;170;144;157;149;143;152;141;153
"Kvinner";"80-89 år";"Uke 8";182;188;189;196;174;214;171;223;185;205;167;169;189;156;159;156;128;148;171;152;150
"Kvinner";"80-89 år";"Uke 9";185;197;204;161;168;186;185;229;170;186;186;154;171;156;163;160;168;138;143;131;137
"Kvinner";"80-89 år";"Uke 10";170;174;215;171;182;191;180;218;174;176;165;168;163;160;159;171;137;128;165;144;149
"Kvinner";"80-89 år";"Uke 11";181;201;200;202;178;192;182;214;167;165;156;152;164;168;150;150;129;148;152;139;138
"Kvinner";"80-89 år";"Uke 12";160;186;206;192;177;196;163;169;178;189;193;182;158;152;151;132;143;143;172;144;127
"Kvinner";"80-89 år";"Uke 13";189;194;187;172;197;181;174;172;167;172;151;174;163;181;149;150;124;157;141;141;144
"Kvinner";"80-89 år";"Uke 14";164;158;180;183;162;185;164;179;186;192;162;173;161;146;177;168;161;139;127;124;139
"Kvinner";"80-89 år";"Uke 15";168;194;191;168;193;167;188;176;196;168;169;159;178;140;140;132;140;131;137;130;142
"Kvinner";"80-89 år";"Uke 16";193;188;180;150;183;187;182;177;178;174;172;146;143;142;147;125;139;121;122;121;138
"Kvinner";"80-89 år";"Uke 17";164;206;187;165;170;164;177;159;152;146;153;157;158;172;135;153;145;134;131;149;129
"Kvinner";"80-89 år";"Uke 18";160;175;170;147;133;158;176;154;181;147;165;152;163;139;131;112;156;124;126;124;123
"Kvinner";"80-89 år";"Uke 19";174;186;185;173;160;158;175;148;176;165;159;132;138;129;146;140;125;127;115;125;141
"Kvinner";"80-89 år";"Uke 20";148;186;166;136;148;138;170;165;179;150;179;137;153;150;140;139;129;121;124;109;127
"Kvinner";"80-89 år";"Uke 21";173;168;200;150;165;179;154;160;142;156;136;150;154;131;151;143;121;126;107;141;123
"Kvinner";"80-89 år";"Uke 22";185;167;163;142;184;165;156;175;164;172;146;124;135;115;107;119;117;119;125;126;110
"Kvinner";"80-89 år";"Uke 23";183;181;192;199;170;175;175;165;161;159;135;153;151;128;121;133;103;107;127;129;95
"Kvinner";"80-89 år";"Uke 24";185;173;143;149;170;162;154;167;175;150;134;146;131;132;114;141;119;126;124;125;129
"Kvinner";"80-89 år";"Uke 25";161;145;173;172;178;147;154;164;152;139;139;149;136;129;131;135;136;143;124;118;104
"Kvinner";"80-89 år";"Uke 26";161;167;152;139;139;157;145;155;171;158;152;141;135;125;109;122;96;123;122;123;96
"Kvinner";"80-89 år";"Uke 27";158;155;165;181;138;181;148;156;166;178;153;146;138;133;133;121;152;167;120;128;106
"Kvinner";"80-89 år";"Uke 28";172;162;160;155;174;152;151;164;171;159;132;134;128;144;130;105;99;123;115;128;106
"Kvinner";"80-89 år";"Uke 29";160;172;181;173;147;160;171;176;154;149;135;151;148;140;131;127;116;119;118;113;129
"Kvinner";"80-89 år";"Uke 30";158;198;188;178;157;145;155;160;163;139;156;148;137;141;136;129;135;121;109;115;118
"Kvinner";"80-89 år";"Uke 31";169;170;175;151;147;145;158;163;155;161;159;127;131;142;127;120;130;130;101;106;112
"Kvinner";"80-89 år";"Uke 32";150;159;191;175;160;148;146;167;139;157;141;143;147;152;142;125;130;121;115;118;83
"Kvinner";"80-89 år";"Uke 33";157;172;163;199;160;162;185;157;174;161;152;165;148;149;162;126;111;105;101;117;0
"Kvinner";"80-89 år";"Uke 34";167;151;133;160;168;154;164;138;157;153;141;163;147;130;122;122;136;118;134;120;0
"Kvinner";"80-89 år";"Uke 35";162;163;162;147;163;164;154;189;141;173;156;159;145;131;128;130;114;121;107;130;0
"Kvinner";"80-89 år";"Uke 36";185;191;167;168;144;167;165;170;173;155;147;145;131;128;136;131;120;128;122;130;0
"Kvinner";"80-89 år";"Uke 37";180;175;181;183;171;144;155;138;123;152;172;155;138;131;123;117;130;101;114;132;0
"Kvinner";"80-89 år";"Uke 38";148;153;155;163;167;165;171;161;163;152;173;164;157;121;125;134;120;106;140;112;0
"Kvinner";"80-89 år";"Uke 39";180;163;172;177;153;144;173;190;155;171;148;139;146;141;125;112;144;113;117;146;0
"Kvinner";"80-89 år";"Uke 40";178;175;171;174;192;147;179;170;158;152;180;161;145;119;112;136;121;122;105;119;0
"Kvinner";"80-89 år";"Uke 41";169;167;165;167;175;161;162;166;173;171;157;165;141;161;144;142;135;134;114;124;0
"Kvinner";"80-89 år";"Uke 42";170;199;185;175;163;162;186;162;164;167;179;160;146;152;143;136;152;118;116;135;0
"Kvinner";"80-89 år";"Uke 43";161;168;177;193;182;165;178;151;156;152;173;164;139;156;143;113;125;118;109;124;0
"Kvinner";"80-89 år";"Uke 44";170;170;179;164;182;140;191;160;155;175;147;160;157;155;123;130;109;132;142;137;0
"Kvinner";"80-89 år";"Uke 45";187;173;196;138;141;157;180;175;165;179;143;141;151;120;151;131;150;122;113;129;0
"Kvinner";"80-89 år";"Uke 46";152;167;188;195;182;168;200;167;178;156;173;150;149;134;138;136;130;139;127;146;0
"Kvinner";"80-89 år";"Uke 47";179;163;203;163;169;152;178;171;174;193;162;136;159;148;126;119;136;143;116;142;0
"Kvinner";"80-89 år";"Uke 48";202;196;193;232;165;154;179;173;164;153;173;166;152;144;161;151;127;151;142;129;0
"Kvinner";"80-89 år";"Uke 49";151;205;210;217;197;191;189;203;170;165;181;176;161;154;147;141;152;167;148;132;0
"Kvinner";"80-89 år";"Uke 50";187;188;187;216;198;169;203;181;176;189;168;182;177;158;161;136;154;140;149;127;0
"Kvinner";"80-89 år";"Uke 51";162;216;206;212;174;181;188;169;167;175;177;180;166;165;141;147;177;164;136;133;0
"Kvinner";"80-89 år";"Uke 52";192;200;252;216;171;212;201;232;192;203;184;168;209;162;157;156;182;164;148;126;0
"Kvinner";"80-89 år";"Uke 53";0;0;0;0;184;0;0;0;0;184;0;0;0;0;0;138;0;0;0;0;0
"Kvinner";"90 år og eldre";"Uke 1";150;109;123;122;123;107;114;101;142;146;132;135;140;158;112;160;139;200;151;176;135
"Kvinner";"90 år og eldre";"Uke 2";157;122;111;131;117;102;107;138;124;166;133;155;152;144;141;178;159;207;149;152;192
"Kvinner";"90 år og eldre";"Uke 3";110;90;100;114;108;81;104;105;110;150;113;135;153;151;150;156;153;164;156;132;131
"Kvinner";"90 år og eldre";"Uke 4";122;90;122;100;109;98;117;120;122;137;107;139;150;151;138;150;151;167;148;127;154
"Kvinner";"90 år og eldre";"Uke 5";96;95;100;104;107;110;106;123;112;138;123;122;125;161;142;165;148;170;167;146;137
"Kvinner";"90 år og eldre";"Uke 6";100;93;92;89;107;84;105;131;115;130;113;124;174;137;148;147;139;155;182;151;137
"Kvinner";"90 år og eldre";"Uke 7";116;87;140;105;91;101;106;135;108;128;126;127;159;132;135;176;138;138;169;157;153
"Kvinner";"90 år og eldre";"Uke 8";78;90;107;101;103;101;103;126;106;136;151;130;149;158;134;177;128;165;156;134;113
"Kvinner";"90 år og eldre";"Uke 9";84;91;93;105;107;121;98;124;128;121;116;102;156;132;139;188;145;163;164;141;141
"Kvinner";"90 år og eldre";"Uke 10";89;98;99;112;90;112;111;125;104;115;114;106;153;141;133;179;125;151;157;125;142
"Kvinner";"90 år og eldre";"Uke 11";89;108;95;110;75;104;107;119;117;133;107;111;134;145;141;159;121;161;168;150;134
"Kvinner";"90 år og eldre";"Uke 12";77;93;96;79;105;143;92;127;99;114;109;132;135;131;114;160;143;126;147;132;103
"Kvinner";"90 år og eldre";"Uke 13";81;96;86;85;90;113;112;110;115;123;129;109;150;138;112;153;135;120;130;131;142
"Kvinner";"90 år og eldre";"Uke 14";65;103;88;90;99;129;104;99;117;107;120;137;131;129;129;125;138;165;144;167;151
"Kvinner";"90 år og eldre";"Uke 15";68;75;92;91;102;106;134;123;111;115;129;131;128;138;144;134;132;127;157;126;149
"Kvinner";"90 år og eldre";"Uke 16";83;92;85;94;97;104;105;101;107;102;109;112;153;123;146;132;135;158;134;133;152
"Kvinner";"90 år og eldre";"Uke 17";76;111;99;85;94;106;110;83;107;105;95;107;133;140;114;134;124;125;135;142;112
"Kvinner";"90 år og eldre";"Uke 18";75;91;92;103;76;80;110;89;97;98;116;125;127;126;120;109;106;109;109;126;122
"Kvinner";"90 år og eldre";"Uke 19";99;92;100;91;88;91;89;99;99;98;103;112;117;111;116;129;132;119;116;129;93
"Kvinner";"90 år og eldre";"Uke 20";80;96;88;91;98;107;102;86;94;100;109;106;110;123;136;115;148;114;112;121;102
"Kvinner";"90 år og eldre";"Uke 21";83;90;86;82;99;81;103;101;88;108;91;122;120;110;111;133;123;128;116;116;119
"Kvinner";"90 år og eldre";"Uke 22";89;94;87;103;85;111;99;91;107;99;108;118;114;112;124;119;104;126;123;108;88
"Kvinner";"90 år og eldre";"Uke 23";79;79;96;94;92;87;96;104;100;102;100;118;123;109;121;135;112;114;125;119;108
"Kvinner";"90 år og eldre";"Uke 24";68;81;75;85;101;105;122;126;88;95;108;114;92;89;117;108;147;97;109;133;103
"Kvinner";"90 år og eldre";"Uke 25";74;84;94;88;81;75;101;90;97;89;92;124;124;99;104;111;121;120;110;106;121
"Kvinner";"90 år og eldre";"Uke 26";69;94;77;79;87;95;85;94;111;111;112;119;129;98;118;117;114;115;132;128;107
"Kvinner";"90 år og eldre";"Uke 27";87;89;92;79;91;75;108;89;93;120;104;109;111;110;138;118;119;113;141;129;121
"Kvinner";"90 år og eldre";"Uke 28";96;102;91;91;79;90;99;94;89;98;91;115;121;124;126;114;133;125;128;96;97
"Kvinner";"90 år og eldre";"Uke 29";90;99;93;94;70;100;94;80;98;90;127;122;127;101;112;114;104;107;128;125;123
"Kvinner";"90 år og eldre";"Uke 30";59;86;91;79;83;95;125;82;100;104;101;123;124;108;128;117;129;127;130;107;111
"Kvinner";"90 år og eldre";"Uke 31";101;84;90;91;75;80;109;93;103;71;101;105;105;115;105;81;118;111;120;124;114
"Kvinner";"90 år og eldre";"Uke 32";77;90;96;81;84;111;98;95;98;117;99;105;118;122;130;104;102;127;103;110;93
"Kvinner";"90 år og eldre";"Uke 33";86;79;87;86;85;105;81;84;85;119;101;120;122;107;116;126;127;116;120;116;0
"Kvinner";"90 år og eldre";"Uke 34";60;86;79;79;80;90;81;103;104;107;94;103;109;114;124;129;113;134;121;119;0
"Kvinner";"90 år og eldre";"Uke 35";78;83;94;73;70;86;107;88;107;89;96;123;102;115;117;118;116;113;116;115;0
"Kvinner";"90 år og eldre";"Uke 36";78;91;94;108;86;96;96;107;118;75;133;111;119;116;112;120;127;131;124;110;0
"Kvinner";"90 år og eldre";"Uke 37";65;74;97;70;106;95;97;105;99;89;122;129;152;134;109;119;110;121;118;112;0
"Kvinner";"90 år og eldre";"Uke 38";75;79;90;90;93;88;93;93;101;108;107;133;127;112;111;109;114;106;126;114;0
"Kvinner";"90 år og eldre";"Uke 39";90;93;88;100;97;90;105;90;103;92;124;117;119;125;114;116;104;128;94;119;0
"Kvinner";"90 år og eldre";"Uke 40";91;79;81;80;92;82;90;99;109;90;111;122;129;110;118;115;136;112;113;114;0
"Kvinner";"90 år og eldre";"Uke 41";72;83;107;92;102;83;106;104;89;111;127;129;119;138;120;116;124;127;122;132;0
"Kvinner";"90 år og eldre";"Uke 42";86;91;86;91;91;81;111;116;110;80;137;108;130;126;127;117;135;115;127;139;0
"Kvinner";"90 år og eldre";"Uke 43";84;75;103;89;97;93;113;113;110;75;143;126;131;142;114;126;138;138;119;136;0
"Kvinner";"90 år og eldre";"Uke 44";75;85;119;92;82;93;100;94;106;112;115;127;130;130;134;132;98;126;133;130;0
"Kvinner";"90 år og eldre";"Uke 45";72;96;97;96;99;90;87;88;90;115;108;109;110;127;125;133;129;117;138;118;0
"Kvinner";"90 år og eldre";"Uke 46";92;113;99;98;83;83;104;100;128;112;135;129;136;120;114;135;149;123;124;150;0
"Kvinner";"90 år og eldre";"Uke 47";90;91;108;91;105;98;105;115;138;101;111;138;118;127;130;128;146;141;126;144;0
"Kvinner";"90 år og eldre";"Uke 48";88;90;99;91;92;99;101;128;116;111;127;120;142;146;123;143;144;101;145;144;0
"Kvinner";"90 år og eldre";"Uke 49";93;85;112;104;105;113;143;120;99;112;147;120;136;123;147;132;149;110;138;155;0
"Kvinner";"90 år og eldre";"Uke 50";91;109;96;102;109;97;109;116;109;136;112;117;136;123;142;140;174;149;142;113;0
"Kvinner";"90 år og eldre";"Uke 51";101;103;114;127;106;102;116;121;115;116;150;133;147;143;140;118;179;154;142;120;0
"Kvinner";"90 år og eldre";"Uke 52";109;126;120;129;103;114;112;123;126;129;142;167;145;137;146;128;187;152;148;137;0
"Kvinner";"90 år og eldre";"Uke 53";0;0;0;0;106;0;0;0;0;128;0;0;0;0;0;154;0;0;0;0;0
