"Deaths per week (experimental statistics) by region, sex, age and time"

" ";" ";" ";"2013U01";"2013U02";"2013U03";"2013U04";"2013U05";"2013U06";"2013U07";"2013U08";"2013U09";"2013U10";"2013U11";"2013U12";"2013U13";"2013U14";"2013U15";"2013U16";"2013U17";"2013U18";"2013U19";"2013U20";"2013U21";"2013U22";"2013U23";"2013U24";"2013U25";"2013U26";"2013U27";"2013U28";"2013U29";"2013U30";"2013U31";"2013U32";"2013U33";"2013U34";"2013U35";"2013U36";"2013U37";"2013U38";"2013U39";"2013U40";"2013U41";"2013U42";"2013U43";"2013U44";"2013U45";"2013U46";"2013U47";"2013U48";"2013U49";"2013U50";"2013U51";"2013U52";"2014U01";"2014U02";"2014U03";"2014U04";"2014U05";"2014U06";"2014U07";"2014U08";"2014U09";"2014U10";"2014U11";"2014U12";"2014U13";"2014U14";"2014U15";"2014U16";"2014U17";"2014U18";"2014U19";"2014U20";"2014U21";"2014U22";"2014U23";"2014U24";"2014U25";"2014U26";"2014U27";"2014U28";"2014U29";"2014U30";"2014U31";"2014U32";"2014U33";"2014U34";"2014U35";"2014U36";"2014U37";"2014U38";"2014U39";"2014U40";"2014U41";"2014U42";"2014U43";"2014U44";"2014U45";"2014U46";"2014U47";"2014U48";"2014U49";"2014U50";"2014U51";"2014U52";"2015U01";"2015U02";"2015U03";"2015U04";"2015U05";"2015U06";"2015U07";"2015U08";"2015U09";"2015U10";"2015U11";"2015U12";"2015U13";"2015U14";"2015U15";"2015U16";"2015U17";"2015U18";"2015U19";"2015U20";"2015U21";"2015U22";"2015U23";"2015U24";"2015U25";"2015U26";"2015U27";"2015U28";"2015U29";"2015U30";"2015U31";"2015U32";"2015U33";"2015U34";"2015U35";"2015U36";"2015U37";"2015U38";"2015U39";"2015U40";"2015U41";"2015U42";"2015U43";"2015U44";"2015U45";"2015U46";"2015U47";"2015U48";"2015U49";"2015U50";"2015U51";"2015U52";"2015U53";"2016U01";"2016U02";"2016U03";"2016U04";"2016U05";"2016U06";"2016U07";"2016U08";"2016U09";"2016U10";"2016U11";"2016U12";"2016U13";"2016U14";"2016U15";"2016U16";"2016U17";"2016U18";"2016U19";"2016U20";"2016U21";"2016U22";"2016U23";"2016U24";"2016U25";"2016U26";"2016U27";"2016U28";"2016U29";"2016U30";"2016U31";"2016U32";"2016U33";"2016U34";"2016U35";"2016U36";"2016U37";"2016U38";"2016U39";"2016U40";"2016U41";"2016U42";"2016U43";"2016U44";"2016U45";"2016U46";"2016U47";"2016U48";"2016U49";"2016U50";"2016U51";"2016U52";"2017U01";"2017U02";"2017U03";"2017U04";"2017U05";"2017U06";"2017U07";"2017U08";"2017U09";"2017U10";"2017U11";"2017U12";"2017U13";"2017U14";"2017U15";"2017U16";"2017U17";"2017U18";"2017U19";"2017U20";"2017U21";"2017U22";"2017U23";"2017U24";"2017U25";"2017U26";"2017U27";"2017U28";"2017U29";"2017U30";"2017U31";"2017U32";"2017U33";"2017U34";"2017U35";"2017U36";"2017U37";"2017U38";"2017U39";"2017U40";"2017U41";"2017U42";"2017U43";"2017U44";"2017U45";"2017U46";"2017U47";"2017U48";"2017U49";"2017U50";"2017U51";"2017U52";"2018U01";"2018U02";"2018U03";"2018U04";"2018U05";"2018U06";"2018U07";"2018U08";"2018U09";"2018U10";"2018U11";"2018U12";"2018U13";"2018U14";"2018U15";"2018U16";"2018U17";"2018U18";"2018U19";"2018U20";"2018U21";"2018U22";"2018U23";"2018U24";"2018U25";"2018U26";"2018U27";"2018U28";"2018U29";"2018U30";"2018U31";"2018U32";"2018U33";"2018U34";"2018U35";"2018U36";"2018U37";"2018U38";"2018U39";"2018U40";"2018U41";"2018U42";"2018U43";"2018U44";"2018U45";"2018U46";"2018U47";"2018U48";"2018U49";"2018U50";"2018U51";"2018U52";"2019U01";"2019U02";"2019U03";"2019U04";"2019U05";"2019U06";"2019U07";"2019U08";"2019U09";"2019U10";"2019U11";"2019U12";"2019U13";"2019U14";"2019U15";"2019U16";"2019U17";"2019U18";"2019U19";"2019U20";"2019U21";"2019U22";"2019U23";"2019U24";"2019U25";"2019U26";"2019U27";"2019U28";"2019U29";"2019U30";"2019U31";"2019U32";"2019U33";"2019U34";"2019U35";"2019U36";"2019U37";"2019U38";"2019U39";"2019U40";"2019U41";"2019U42";"2019U43";"2019U44";"2019U45";"2019U46";"2019U47";"2019U48";"2019U49";"2019U50";"2019U51";"2019U52";"2020U01";"2020U02";"2020U03";"2020U04";"2020U05";"2020U06";"2020U07";"2020U08";"2020U09";"2020U10";"2020U11";"2020U12";"2020U13";"2020U14";"2020U15";"2020U16";"2020U17";"2020U18";"2020U19";"2020U20";"2020U21";"2020U22";"2020U23";"2020U24";"2020U25";"2020U26";"2020U27";"2020U28";"2020U29";"2020U30";"2020U31";"2020U32";"2020U33"
"All Denmark"
" ";"Total"
" ";" ";"Total";1307;1201;1184;1152;1247;1237;1229;1143;1201;1119;1088;1107;1117;1094;1069;1025;1016;991;1034;972;961;926;947;910;919;934;959;934;889;945;901;905;874;863;852;894;928;1005;911;937;932;887;890;973;877;1014;928;930;967;984;1047;993;1025;1017;1050;1015;1055;1053;1114;1020;997;993;998;1004;989;998;1015;997;997;972;996;940;1026;889;933;934;904;949;919;966;958;1015;999;981;931;947;918;1009;961;969;893;882;902;942;932;897;960;967;969;1011;1099;1073;1071;1089;1127;1108;1093;1068;1086;1118;1106;1131;1177;1210;1184;1086;1093;1044;1081;1052;934;996;978;921;974;977;959;1017;913;897;942;951;917;951;947;929;953;926;901;879;913;942;963;959;927;948;997;993;971;985;986;1083;1105;1033;1024;994;986;1103;1065;1046;1124;1083;1040;1062;1124;1143;1149;1159;1074;1084;1023;1071;1010;985;1042;1023;935;975;953;913;920;983;897;924;898;971;962;902;956;914;971;922;955;932;904;983;910;1022;1040;989;1003;1017;1045;1046;1010;1043;1067;1060;1149;1113;1111;1099;1104;1211;1100;1228;1156;1179;1101;1132;1126;1041;988;1009;967;974;1059;1015;1022;969;956;985;1023;980;938;905;941;931;925;934;932;906;953;951;918;991;979;983;978;985;970;934;976;956;1070;1011;1027;1067;1102;1058;1134;1134;1136;1156;1119;1157;1186;1265;1260;1323;1337;1253;1286;1186;1138;1164;1052;1008;1010;1025;1012;953;977;1009;941;958;915;1007;971;994;1091;1084;1029;1017;990;935;975;949;994;950;1033;992;958;973;1007;992;954;996;994;1085;1044;1096;1006;1130;1155;1118;1085;1209;1250;1176;1110;1090;1051;1063;1039;1022;1085;1018;1046;1015;1067;1028;974;970;983;991;969;1015;1002;935;953;977;967;962;936;931;1006;996;983;966;1007;1016;972;1033;998;1026;954;1046;1037;1057;1095;1104;1107;1042;1038;1116;1149;1070;1026;1087;1078;1057;1034;1022;1060;1064;1138;1108;1153;1142;1075;1082;1044;1022;949;994;964;958;995;947;976;995;955;1022;938;979;953;954
" ";" ";"0-4 years";4;3;4;4;6;4;3;2;4;7;8;0;5;6;9;8;5;3;3;3;3;4;0;6;10;1;5;3;3;7;6;6;5;4;3;7;5;7;7;6;4;3;5;3;2;6;1;3;6;3;4;8;2;8;4;4;3;4;13;9;6;4;8;2;3;1;5;7;7;5;3;4;6;3;4;3;1;6;2;2;7;2;5;6;3;9;3;6;5;4;7;8;3;8;3;3;7;7;5;10;7;1;2;5;7;5;1;3;2;2;4;4;8;5;6;9;5;6;3;8;6;3;3;1;3;3;2;11;7;4;4;2;6;7;4;2;6;3;5;4;8;5;2;8;8;3;5;2;7;6;4;4;5;4;1;3;4;8;4;2;3;4;4;5;5;2;6;8;6;6;3;5;9;4;1;2;4;8;4;2;3;1;4;5;6;6;7;5;7;3;6;4;3;2;5;4;12;5;4;5;1;2;2;4;6;2;1;1;5;5;8;4;7;9;3;9;3;8;5;6;2;4;2;8;8;4;8;2;7;5;3;8;3;4;3;10;4;6;4;6;4;7;7;9;4;3;10;10;4;2;3;2;6;4;5;4;2;6;3;3;1;4;6;3;11;9;3;5;10;4;1;7;9;2;9;6;7;3;4;3;6;5;9;4;5;2;3;4;6;2;3;1;3;4;7;5;4;3;7;3;7;4;4;7;5;4;4;6;5;2;6;5;3;2;2;2;4;2;2;7;4;3;3;6;2;6;0;2;1;4;8;1;6;3;5;4;3;1;7;5;7;4;4;10;8;4;4;3;4;4;5;2;0;5;8;6;3;3;6;5;4;5;1;2;5;3;1;2;4;6;2;2;0;4;2;2;0;1;0;1;3;2;3;3;2;2;1;2;5;3;3;6;2;2;3;1;2;1
" ";" ";"5-9 years";0;1;1;0;0;0;0;0;1;0;0;1;1;0;0;0;0;0;0;0;2;0;0;1;0;1;0;0;0;0;1;0;1;0;0;1;0;0;1;2;0;1;0;0;0;0;0;1;2;0;1;0;0;0;0;0;0;0;1;0;0;0;1;0;0;0;0;0;1;1;2;0;0;0;0;0;0;1;0;0;0;0;0;0;1;0;0;0;0;0;1;0;0;2;0;1;0;0;0;0;1;1;0;0;0;0;0;1;3;0;2;3;1;1;1;0;0;0;0;1;0;0;0;0;0;1;0;0;0;0;0;0;0;1;1;2;1;0;1;0;0;1;0;0;0;0;0;0;0;0;0;1;0;1;1;0;0;1;1;0;1;1;0;0;0;1;2;0;0;0;1;2;0;0;2;0;0;0;1;1;2;0;0;0;0;1;2;1;2;0;0;0;0;0;0;1;0;0;0;3;0;1;1;0;0;0;1;0;0;0;2;0;0;0;0;1;0;0;0;0;1;0;0;0;0;2;0;0;0;0;0;0;2;0;0;0;0;0;0;0;2;1;0;0;0;0;0;1;0;0;1;0;0;0;1;0;0;0;0;1;0;0;0;1;1;0;0;1;0;0;1;1;1;1;3;0;0;0;0;0;0;0;1;0;0;0;0;1;0;0;0;0;1;0;2;0;0;2;0;0;0;0;0;0;0;0;1;0;0;2;1;0;0;0;0;1;2;0;0;0;1;1;2;0;0;1;0;0;1;1;0;0;0;0;0;1;0;0;0;0;0;0;0;1;0;0;1;2;2;0;0;1;0;0;0;0;1;0;0;0;0;2;0;0;0;1;0;0;0;0;1;1;1;0;2;1;1;0;0;0;1;0;0;0;0;0;0;0;0;1;0;0;0;0;1;0;0;0
" ";" ";"10-14 years";0;1;0;1;0;1;1;0;0;0;1;1;0;0;1;2;0;1;1;0;0;0;0;2;0;1;0;0;0;0;0;1;0;0;0;1;2;1;0;1;0;0;0;0;0;0;2;0;0;1;0;0;0;0;1;1;1;0;1;0;1;1;0;0;0;1;1;0;0;0;0;0;0;0;0;1;0;1;0;0;0;0;0;0;1;1;1;0;0;0;1;2;0;0;0;1;1;1;0;1;1;1;0;1;0;1;1;1;0;0;1;0;1;0;0;0;0;1;1;0;0;0;0;1;2;0;1;0;0;1;1;1;1;0;0;2;0;0;1;0;0;0;0;2;0;0;0;2;0;0;0;1;1;0;0;1;0;1;1;0;0;0;0;1;1;0;0;0;0;0;1;0;0;0;0;0;0;2;1;1;2;0;1;0;0;0;0;1;0;0;1;0;1;0;1;0;2;0;0;0;0;0;0;0;0;0;0;0;1;0;2;0;1;1;1;0;1;0;0;0;0;1;0;1;1;0;0;0;1;0;0;0;0;1;0;0;1;1;0;1;1;0;0;0;0;0;1;0;1;0;0;0;1;0;0;2;0;0;0;0;0;1;0;0;0;1;0;1;0;0;1;0;0;1;0;1;1;1;0;0;0;0;0;0;0;0;0;0;1;1;1;0;0;0;0;0;1;0;0;2;0;1;0;0;0;0;1;0;0;2;0;1;0;1;1;0;1;1;0;0;0;0;2;1;0;0;1;2;3;1;1;1;0;0;0;0;0;1;0;1;0;1;0;1;0;0;0;0;0;2;0;0;0;0;1;0;0;0;1;0;0;0;1;0;0;1;0;2;2;1;0;1;0;0;0;2;2;0;0;0;0;1;0;0;0;1;2;0;0;0;0;0;2;0;1;1;1;0
" ";" ";"15-19 years";4;1;0;3;3;1;2;2;1;1;1;5;2;1;1;3;3;1;5;1;0;0;0;0;0;2;1;0;1;4;2;2;0;1;1;0;1;2;3;3;3;0;0;2;0;2;2;2;1;2;1;0;4;0;1;2;2;2;2;0;1;1;0;1;1;1;0;0;0;2;1;3;1;2;2;2;0;1;0;2;2;0;0;1;2;2;1;1;3;2;0;1;0;1;1;0;2;1;2;0;3;0;0;1;1;3;2;2;2;1;2;0;4;2;0;1;1;0;2;0;2;0;1;2;2;1;3;1;1;2;0;1;1;0;1;0;0;2;0;1;1;1;0;0;2;0;0;1;3;1;1;0;0;0;3;0;3;3;0;0;1;1;0;3;0;1;3;0;1;0;1;2;0;3;2;1;0;2;0;2;1;0;1;0;0;2;1;0;1;1;1;1;0;0;2;1;2;2;2;0;1;2;1;4;1;1;2;1;3;1;5;0;1;3;1;3;1;1;0;1;4;1;2;1;3;1;1;3;0;2;0;3;1;0;0;1;1;0;3;1;2;2;1;1;0;0;2;1;2;1;2;2;2;2;1;1;1;0;0;1;0;3;1;2;2;2;1;5;1;0;2;0;1;1;1;1;2;0;2;1;4;3;1;0;2;2;1;1;2;3;2;1;1;1;1;1;0;0;1;1;0;2;2;2;0;2;2;4;2;0;2;2;1;2;1;4;1;5;2;2;1;1;1;2;2;0;0;4;2;1;2;3;0;4;2;1;1;1;0;1;0;1;0;2;2;0;2;2;0;0;0;1;4;1;1;3;1;1;1;1;1;1;1;1;0;0;0;0;0;4;3;2;2;1;2;2;1;2;0;0;1;4;0;2;1;1;0;0;0;1;0;1;0;1;3;2;1;1
" ";" ";"20-24 years";1;3;5;1;1;0;2;0;0;2;4;2;1;2;3;3;2;1;1;2;0;2;1;4;2;3;3;2;2;1;2;1;1;2;1;2;1;3;2;3;3;1;0;3;1;0;2;1;4;4;1;1;0;5;2;2;2;2;2;5;5;1;2;3;5;2;4;1;3;0;1;0;3;3;0;1;1;3;1;3;2;3;1;6;1;2;3;0;1;1;0;0;2;1;3;2;3;1;1;3;3;3;4;2;4;4;2;4;3;3;1;3;4;3;4;2;3;1;5;2;2;0;4;4;1;2;4;5;0;2;1;2;1;0;3;2;3;1;1;3;3;1;0;1;3;2;0;2;1;3;2;5;1;2;1;2;1;5;0;3;2;2;2;2;4;2;2;2;1;1;2;1;4;1;5;2;4;1;5;1;5;2;2;2;4;1;4;2;3;1;3;3;6;3;0;3;2;5;3;4;3;2;3;3;3;3;4;3;1;1;2;2;2;5;2;0;0;1;3;5;2;3;2;0;2;6;4;1;6;2;3;3;2;2;6;1;1;1;3;1;1;3;3;0;1;2;1;2;4;2;3;4;3;2;1;0;3;1;4;0;5;1;3;0;2;0;2;1;2;1;4;1;1;6;2;5;5;5;2;2;0;2;1;1;0;0;1;0;1;4;4;0;1;1;3;2;1;0;0;1;0;0;3;1;1;0;0;1;0;1;0;3;1;5;1;2;2;1;0;1;2;0;2;0;3;2;2;5;1;2;0;2;1;2;4;2;1;5;2;2;0;4;5;4;3;2;1;3;2;2;2;1;0;1;2;5;2;1;3;3;4;1;1;4;2;4;0;1;2;4;1;1;1;3;2;2;1;2;3;1;2;1;2;3;1;1;2;2;3;4;1;6;2;6;2;7;3;2
" ";" ";"25-29 years";3;2;4;1;1;0;1;4;1;1;0;0;4;2;2;5;3;6;3;0;3;2;3;2;4;2;5;2;2;4;2;3;1;2;1;2;1;3;2;1;0;4;3;1;1;2;2;1;4;2;0;2;3;3;2;2;2;4;1;4;1;2;3;2;2;2;0;4;2;2;1;0;2;0;3;3;0;3;0;2;1;2;5;1;2;2;3;1;0;2;1;4;2;3;5;3;4;1;6;4;2;4;1;3;4;2;2;1;2;4;2;1;1;2;1;1;1;5;2;1;1;2;0;2;5;5;2;1;2;2;4;3;3;2;2;3;1;2;0;4;3;2;1;0;2;3;3;0;5;1;2;1;3;4;4;1;6;2;4;2;2;3;1;3;2;3;3;6;2;4;3;3;1;3;1;7;4;1;2;1;2;1;0;5;3;6;4;1;3;2;4;4;1;1;3;5;1;3;2;2;1;8;4;1;2;1;4;1;2;0;2;4;5;2;0;1;2;2;4;3;3;7;0;4;1;2;4;1;2;4;2;4;2;4;1;0;2;1;2;1;0;2;3;7;1;1;3;3;4;4;1;3;2;3;5;2;2;4;3;2;1;4;3;1;8;3;3;2;4;3;1;4;1;2;1;5;3;1;4;4;0;4;3;4;2;2;2;5;0;1;0;2;0;2;3;4;4;2;3;1;3;2;4;0;1;2;4;2;1;1;2;6;1;2;4;1;5;2;6;2;2;2;3;5;3;0;6;4;3;0;8;3;2;3;2;3;0;2;5;1;1;6;2;0;2;2;4;2;1;2;2;0;2;3;3;1;2;3;4;2;3;0;2;3;2;5;3;4;2;4;6;5;2;5;3;3;2;0;4;1;6;2;2;1;3;2;1;3;4;0;3;2;5;4;5;2;5;3
" ";" ";"30-34 years";4;4;4;6;2;2;5;2;6;3;4;3;1;0;4;3;2;0;7;5;1;2;3;2;2;1;5;3;3;1;2;6;3;3;1;3;1;4;5;3;3;2;1;3;2;3;1;1;0;3;2;3;3;2;2;1;5;3;3;3;1;4;6;4;3;5;3;2;1;5;4;6;5;5;1;3;0;4;2;3;2;8;6;4;3;2;4;3;4;3;2;5;6;1;3;3;3;5;5;3;2;2;2;4;2;1;5;4;4;1;2;2;2;3;2;3;1;1;4;5;2;1;1;0;2;2;5;3;5;1;4;3;1;4;2;1;1;0;2;3;3;4;3;2;4;3;2;0;5;1;1;7;1;3;4;4;3;6;1;0;6;1;3;6;4;1;4;3;2;0;3;2;2;2;3;3;11;2;3;2;0;1;1;7;0;3;1;0;0;7;2;1;2;3;2;5;5;2;5;3;4;3;3;2;2;4;2;4;7;2;2;2;5;1;2;4;3;3;2;1;3;4;4;1;3;3;2;1;2;2;3;3;3;2;3;1;1;3;2;1;1;3;3;1;4;2;1;3;7;4;1;3;5;5;2;3;4;0;1;6;4;0;2;1;4;2;4;5;2;7;5;3;2;3;6;6;6;5;2;2;1;4;6;3;4;5;1;3;0;4;4;3;3;5;1;2;6;5;5;1;5;2;2;0;4;5;5;3;0;4;4;4;3;3;3;4;1;1;4;1;4;3;6;4;1;1;2;8;1;4;4;2;5;2;3;1;3;4;2;6;2;4;3;3;5;2;3;2;4;2;1;3;2;5;2;1;3;3;3;1;2;3;3;3;2;1;4;5;4;0;5;3;0;4;0;1;4;1;2;3;4;2;2;4;1;5;2;0;2;1;4;4;1;2;6;0;3;4
" ";" ";"35-39 years";8;4;6;1;4;6;2;3;10;6;11;7;11;4;9;6;8;7;8;2;4;6;3;1;4;5;3;3;2;4;5;7;7;2;3;2;7;4;4;3;2;4;5;7;6;5;6;5;10;3;2;4;4;5;6;8;4;3;4;7;5;5;6;4;6;5;3;9;6;6;7;5;6;7;3;3;2;1;3;5;5;3;4;7;4;4;2;11;6;6;5;4;4;8;3;3;6;5;6;9;5;5;7;3;4;3;2;4;4;1;6;6;1;1;3;9;5;8;7;3;2;4;0;3;3;4;4;3;3;2;4;6;5;9;3;3;6;1;3;4;5;5;8;6;5;7;3;4;1;2;5;6;8;6;5;5;3;6;8;9;7;2;8;8;4;1;1;7;1;5;7;7;2;7;5;2;2;4;4;8;6;4;1;4;6;0;4;4;6;3;3;3;3;7;7;2;5;2;8;9;3;6;6;2;5;6;2;4;2;5;4;6;3;2;4;3;6;4;3;7;5;7;6;9;2;2;5;2;8;4;5;5;2;8;1;1;2;5;2;5;9;1;5;5;2;4;4;3;7;3;2;4;7;3;1;2;5;6;4;5;3;5;2;6;4;2;6;4;6;3;3;3;6;1;6;6;5;5;2;5;4;7;2;6;9;5;3;2;3;2;2;7;3;3;2;2;5;7;3;3;4;3;6;3;9;4;8;6;4;6;6;5;3;7;1;3;2;7;5;8;5;5;4;1;3;2;3;4;3;2;6;5;4;3;4;7;1;4;1;4;5;7;4;8;3;2;9;7;2;4;2;6;4;4;6;5;3;6;4;3;1;3;3;2;7;3;7;7;1;4;3;2;6;2;2;9;4;3;3;3;5;6;4;4;6;3;6;4;3;3;3;5;6;2;7;3;5;5
" ";" ";"40-44 years";10;11;15;10;10;12;10;3;11;10;11;7;5;9;9;8;11;11;7;6;8;11;9;14;9;7;6;8;12;4;10;6;6;10;5;7;14;10;3;7;7;10;6;14;7;12;11;10;7;7;7;12;12;6;3;7;7;8;6;17;7;8;8;8;13;14;9;12;8;5;7;10;10;8;8;6;10;14;6;5;9;9;6;8;12;10;9;4;11;9;6;8;9;9;8;10;8;6;6;11;4;9;11;10;7;16;11;3;8;9;5;5;8;4;8;9;14;6;6;6;7;13;9;8;7;12;4;14;9;8;5;6;8;13;10;6;7;10;6;8;7;14;4;7;6;9;3;6;9;3;6;5;18;14;10;11;8;8;8;1;11;12;18;10;7;7;8;5;8;10;8;8;11;2;4;12;12;5;10;6;4;9;6;8;11;7;10;11;9;4;4;11;9;10;8;11;10;5;6;4;2;7;13;2;9;7;5;8;10;3;8;10;7;6;10;8;6;4;9;8;11;11;8;9;4;3;10;5;6;8;9;8;8;4;6;7;5;7;12;8;8;5;7;6;5;6;8;4;4;4;8;10;1;13;8;9;4;7;5;6;12;7;4;3;4;9;7;9;10;6;8;10;12;12;5;8;7;9;15;12;9;4;7;6;4;4;12;9;6;7;5;7;9;7;13;7;9;5;6;6;5;8;9;7;9;10;4;4;6;9;10;7;9;5;11;6;4;8;9;4;5;7;8;9;7;6;5;6;5;6;6;10;9;5;6;9;6;7;7;3;5;5;4;5;5;4;7;9;6;8;4;8;1;3;3;6;4;6;5;5;5;8;10;6;11;4;12;8;5;5;3;7;9;5;10;5;12;5;5;7;8;8;9;5;7;8;5;4;10;7;5;3;5;9;7;9;6;8
" ";" ";"45-49 years";14;17;17;15;19;21;18;15;21;20;17;14;17;17;14;19;8;19;13;19;19;18;17;14;14;18;19;15;21;27;16;14;10;11;9;11;16;17;12;17;15;6;23;23;22;18;15;12;13;22;11;20;21;13;18;16;19;17;21;14;17;13;9;12;9;12;16;16;18;18;13;13;14;10;27;15;15;21;12;18;12;17;25;18;11;15;12;26;15;12;24;13;21;16;13;13;17;13;11;19;17;16;18;19;15;19;16;15;13;22;16;15;12;18;19;14;12;20;15;21;16;18;17;22;17;18;11;5;7;14;15;10;16;16;18;18;23;14;12;19;11;25;5;11;10;19;13;12;17;22;8;15;28;13;11;8;12;11;11;17;19;19;13;17;12;19;20;17;17;25;17;26;16;12;13;8;10;16;7;7;10;12;10;16;10;15;10;12;16;13;16;16;12;17;15;17;11;11;14;9;12;17;16;16;23;13;19;10;13;11;16;17;14;11;10;14;9;16;16;10;12;15;12;14;18;16;13;16;18;11;19;12;11;15;9;15;17;8;12;11;11;13;11;14;12;22;14;15;11;22;16;17;12;11;10;14;15;7;18;17;9;10;16;15;17;11;13;10;10;18;9;10;14;23;13;19;13;11;17;6;8;15;10;17;8;7;5;11;12;13;12;16;14;12;12;10;7;6;11;10;10;13;11;12;14;20;14;14;13;14;7;24;10;17;15;13;13;9;11;15;12;22;9;14;14;15;9;6;4;15;16;14;13;10;6;8;8;16;10;12;9;15;8;11;12;8;8;12;14;15;10;16;16;13;13;12;12;11;12;15;13;12;15;12;8;11;17;13;9;17;12;8;17;11;14;11;11;11;19;12;11;24;11;16;9;10;7;9;11;17;4;7;6;11;11;13;11;11
" ";" ";"50-54 years";22;23;37;31;28;30;39;31;34;24;28;28;33;23;30;35;22;21;20;28;26;31;22;30;24;29;30;30;27;29;29;22;21;27;33;19;16;28;27;29;33;23;16;32;17;21;31;27;20;24;32;24;29;24;31;27;28;28;33;19;23;26;34;27;21;31;23;23;33;22;23;32;23;19;27;25;22;22;30;25;20;30;35;26;21;23;24;16;25;22;33;23;22;28;22;27;30;25;14;18;26;30;28;34;33;24;20;29;30;21;28;41;25;30;41;33;29;23;18;23;25;26;21;22;28;23;22;28;12;31;24;23;25;22;25;37;16;20;31;25;27;29;33;27;29;20;33;26;29;38;21;29;24;18;30;25;25;22;24;27;30;27;17;35;37;32;29;31;22;20;25;26;19;26;31;22;22;22;18;19;19;23;18;20;26;25;22;28;32;27;20;20;30;30;19;18;22;28;21;30;21;21;22;24;30;30;30;31;28;30;32;19;21;36;24;28;26;30;32;24;32;15;21;25;29;23;23;15;26;34;19;33;29;28;16;24;25;26;19;12;24;35;24;32;28;14;23;17;26;13;22;19;24;27;22;24;25;27;32;27;32;28;21;23;30;17;25;24;24;25;39;26;43;26;29;34;20;22;31;16;28;32;19;28;20;23;16;27;24;22;27;26;27;26;27;22;26;24;13;22;27;20;30;23;15;16;20;22;22;24;28;24;16;20;28;26;31;29;26;26;23;28;26;27;18;31;25;24;28;20;18;18;24;24;31;19;21;25;24;20;13;22;29;18;21;31;17;23;23;25;16;33;28;20;26;21;18;19;28;21;29;18;17;20;17;18;33;17;21;35;29;28;26;21;20;17;23;15;23;16;15;16;22;35;22;14;25;22;19;26;16;24;22;18;14;23;20;22
" ";" ";"55-59 years";50;49;66;54;47;42;52;42;49;51;43;45;43;47;44;35;37;54;53;37;45;41;40;42;40;38;34;37;39;50;43;38;30;42;33;35;42;44;31;25;40;29;44;36;44;44;41;31;38;48;34;37;39;39;44;46;47;33;39;40;35;40;44;54;44;45;51;49;33;36;36;36;41;43;45;40;25;35;28;34;38;46;31;41;20;31;37;34;45;37;29;34;43;19;32;40;49;45;35;33;44;59;41;42;35;46;39;44;38;40;35;41;44;48;49;35;38;28;39;39;31;39;41;37;41;38;45;43;35;39;35;47;27;48;31;35;40;42;46;37;44;31;34;39;32;36;28;41;30;43;30;42;50;36;36;34;45;54;39;34;36;42;40;47;47;49;51;38;41;37;35;54;36;34;41;40;32;38;31;36;26;45;40;33;27;36;45;36;38;32;40;35;45;43;37;45;43;48;36;34;42;35;51;39;34;35;45;45;44;42;48;31;34;41;34;34;35;40;42;44;41;44;27;35;38;43;38;34;38;47;37;26;34;39;41;29;44;49;31;26;34;33;34;32;45;38;32;40;35;36;36;42;32;28;29;39;35;30;40;37;35;43;34;41;37;40;50;58;34;51;49;48;39;26;39;40;35;34;49;41;35;35;40;39;23;34;26;38;33;53;41;41;34;45;34;36;24;40;35;33;43;33;33;32;33;39;37;38;29;46;31;50;40;45;43;40;34;38;40;44;28;38;33;30;41;41;29;30;38;32;33;46;28;26;36;32;41;41;32;44;38;30;36;33;27;44;45;36;35;34;34;40;33;35;30;30;32;43;29;31;29;25;32;43;34;38;29;26;32;44;46;30;43;36;40;35;32;36;32;30;39;42;31;33;35;31;24;33;36;24;46;44;30;43;33;39;38;40
" ";" ";"60-64 years";72;61;54;67;56;69;76;76;58;62;68;70;66;64;69;64;61;66;54;73;52;70;70;48;58;56;75;59;62;60;63;44;55;39;58;71;52;64;61;66;51;45;50;59;59;76;56;58;52;60;50;63;58;71;68;63;76;72;67;59;66;53;59;63;64;63;67;57;53;70;58;49;77;58;63;63;59;55;64;60;65;64;73;58;51;53;58;59;51;63;38;50;55;51;44;61;64;59;70;56;72;53;66;69;59;71;67;64;58;70;72;63;55;65;80;61;64;51;73;60;43;57;79;53;47;57;58;50;52;65;64;51;53;59;63;53;51;66;55;59;64;58;45;66;52;47;58;59;63;65;58;64;68;58;68;59;57;59;55;64;54;66;58;58;59;73;60;57;63;71;67;62;58;64;71;59;46;47;50;63;52;71;60;51;60;60;58;51;63;54;56;48;56;43;70;71;64;61;53;65;60;76;57;63;56;45;63;56;63;57;72;62;50;78;69;53;40;68;59;51;59;69;63;49;60;57;52;64;57;60;56;53;53;46;54;61;55;44;45;51;39;42;47;46;58;61;56;48;50;62;56;55;61;56;68;55;64;52;56;49;61;74;61;52;50;58;52;65;73;61;67;62;78;59;64;67;58;54;53;60;68;55;54;53;53;58;45;59;55;54;67;53;62;66;43;60;44;52;54;46;48;43;51;52;54;51;45;53;48;54;52;55;39;66;63;53;69;68;81;75;56;54;65;52;54;55;54;57;57;60;42;60;49;52;47;54;44;58;62;55;45;46;55;52;58;44;53;48;48;58;63;59;48;59;54;59;57;69;73;61;59;57;63;44;59;63;64;50;61;60;47;52;55;42;59;64;53;53;57;63;54;44;45;49;49;57;60;62;49;55;49;62;51;44;54;47;44;51
" ";" ";"65-69 years";130;110;104;81;114;109;105;111;115;95;86;97;96;102;100;88;111;92;97;101;93;103;83;88;100;92;87;97;92;90;80;71;78;84;85;83;87;94;85;92;107;104;80;91;82;113;78;80;88;96;95;82;88;106;113;95;92;97;108;94;100;92;107;108;92;96;104;112;98;88;102;91;109;90;93;88;78;93;105;97;77;83;94;81;82;76;86;92;87;92;97;83;102;92;99;77;90;84;93;92;103;91;93;101;108;96;101;89;103;104;101;98;78;104;109;86;100;88;88;90;98;75;87;80;96;108;90;85;87;82;78;98;88;97;87;74;99;80;90;68;79;81;82;85;78;81;88;88;77;86;92;83;109;82;97;96;84;94;87;87;103;106;99;100;106;91;104;99;100;88;100;78;75;98;79;95;104;79;80;73;77;82;71;71;76;83;83;84;75;82;81;90;84;78;77;91;85;76;81;89;77;92;91;97;80;106;80;97;85;79;94;89;86;94;94;93;88;86;90;82;87;75;88;80;78;73;90;90;75;78;64;67;80;80;78;72;89;82;73;66;78;71;80;76;54;87;79;78;80;75;85;90;79;67;90;82;77;96;75;92;80;90;71;99;82;86;98;96;91;118;115;89;91;84;76;75;76;90;76;85;94;71;78;78;67;86;76;85;83;73;76;86;96;81;86;70;82;82;91;75;80;95;79;79;78;92;57;86;72;82;85;80;88;99;83;86;90;113;115;79;102;96;84;75;89;79;100;84;74;80;82;84;77;80;75;86;81;86;99;70;68;73;65;78;78;77;74;88;85;72;69;77;82;89;93;94;78;90;86;81;97;84;91;76;84;107;75;95;77;81;87;80;97;76;79;105;86;77;86;91;85;82;68;82;77;74;86;67;72;77;73;81;79;75;74;84;69;68
" ";" ";"70-74 years";120;115;115;112;127;137;106;106;109;117;111;110;116;115;106;97;113;110;107;101;100;85;106;102;91;109;103;104;88;92;98;92;95;115;83;99;101;128;87;99;101;94;105;117;81;101;92;102;119;104;115;108;118;88;128;109;100;103;121;95;98;96;100;112;88;113;117;120;106;93;142;123;115;106;94;114;93;94;110;102;109;105;94;98;113;110;105;122;98;115;105;101;105;102;101;104;103;115;120;121;114;125;126;107;97;119;134;116;123;138;121;131;149;133;121;105;110;126;127;122;112;126;124;104;128;131;108;133;110;100;128;123;98;99;121;87;111;102;94;93;103;106;124;93;120;104;115;118;144;113;120;112;110;130;122;110;108;130;139;118;137;124;114;110;139;125;138;129;118;118;110;135;118;118;129;117;105;110;121;119;118;114;125;112;117;121;100;99;96;103;133;111;110;134;109;125;100;124;145;116;110;128;120;119;130;121;135;116;140;149;99;158;157;133;141;136;131;130;130;146;136;107;112;119;108;113;139;128;130;111;128;118;146;139;112;124;108;121;127;126;129;113;118;128;122;134;134;126;125;117;120;127;107;123;135;121;122;158;123;130;134;135;117;131;126;154;122;149;160;144;156;139;138;127;151;124;128;108;100;141;121;131;117;154;128;121;121;129;116;113;129;148;119;131;110;132;123;121;143;125;138;111;130;111;123;116;131;104;136;124;117;133;135;160;151;121;141;149;146;127;152;124;141;122;115;113;119;126;122;113;131;125;138;115;113;125;121;127;134;104;113;139;120;122;137;112;104;141;109;121;108;108;116;126;111;125;115;119;103;140;139;130;125;121;117;130;142;124;131;123;113;125;116;138;120;125;134;141;150;150;122;135;117;112;119;125;121;113;121;100;113;101;110;130;103;124;106;135
" ";" ";"75-79 years";171;149;147;132;167;150;146;161;166;151;135;135;134;128;145;141;132;127;112;120;121;130;118;122;103;135;131;112;103;111;113;120;118;110;98;119;114;125;143;123;133;112;113;97;129;129;117;118;117;111;141;141;130;128;124;137;133;135;127;132;131;139;128;129;118;130;132;121;131;128;132;117;128;125;131;120;146;113;126;131;140;144;120;127;125;107;119;135;142;123;108;117;102;124;132;122;126;117;120;137;127;144;129;125;164;143;127;118;130;142;139;126;164;143;172;141;147;132;135;130;103;138;120;116;117;108;125;133;121;121;112;108;115;121;111;123;131;122;119;115;126;117;126;123;112;116;121;126;113;135;145;140;150;137;126;136;119;133;136;143;161;122;120;141;130;129;142;163;147;140;137;130;133;132;124;144;131;143;121;119;119;128;107;130;112;101;136;123;121;111;109;121;113;116;134;123;107;149;151;122;141;118;136;142;132;133;141;151;173;144;157;137;146;161;128;159;150;148;140;147;147;130;136;130;128;115;146;127;131;123;123;126;139;141;132;114;118;118;123;127;133;114;118;118;110;137;136;144;130;132;141;121;151;129;129;143;147;124;157;132;139;144;145;164;176;156;167;149;164;202;159;176;171;173;138;163;150;125;145;126;138;118;139;136;124;113;131;122;147;133;159;153;140;122;120;118;149;126;135;122;122;128;137;161;149;135;145;145;133;160;156;157;168;123;159;171;135;157;175;161;142;152;139;161;145;159;158;168;159;149;156;168;142;134;129;131;133;134;141;134;151;124;146;132;135;136;141;134;159;144;162;132;132;139;134;153;144;151;146;148;151;167;153;155;129;151;144;160;153;149;176;148;151;155;155;169;178;152;197;166;170;176;164;156;138;146;148;142;132;144;152;154;143;136;142;127;141;143
" ";" ";"80-84 years";196;206;185;203;184;210;192;195;192;179;173;182;198;174;165;162;144;143;160;141;153;140;150;146;161;127;155;136;138;137;134;153;143;123;121;140;146;151;139;140;136;153;145;152;147;150;157;152;138;167;162;162;177;148;163;160;171;162;162;180;176;148;149;137;163;165;140;140;151;147;156;135;145;112;131;150;152;145;132;150;142;133;148;151;138;154;139;134;137;149;142;140;128;158;147;150;128;155;126;141;181;148;148;179;184;159;167;169;180;157;173;178;193;198;157;173;175;157;157;151;161;143;132;154;128;142;167;153;138;130;128;139;146;126;158;162;143;142;124;143;121;152;150;163;161;146;158;155;143;139;178;175;165;159;136;157;172;158;172;165;168;167;159;160;171;187;201;165;151;200;147;150;159;134;172;153;134;152;177;132;133;154;120;135;154;162;139;137;150;152;142;150;144;155;124;134;128;156;159;169;181;155;152;158;133;150;174;142;162;163;192;167;179;178;177;202;193;184;173;189;168;180;139;164;148;153;155;160;160;144;150;165;160;134;155;152;139;139;144;147;122;140;153;148;150;165;141;157;150;155;143;144;162;150;154;166;167;169;162;171;195;182;181;180;179;180;191;199;196;188;219;200;211;190;191;201;183;182;170;150;161;143;147;164;152;153;142;145;150;157;165;179;161;158;174;139;165;148;147;158;160;160;153;151;151;152;134;167;161;173;167;180;155;185;171;190;171;181;182;192;188;160;171;172;161;150;184;156;165;156;160;155;137;177;156;170;168;150;136;163;160;146;156;168;154;135;174;146;152;140;179;165;141;174;150;151;142;163;191;182;193;209;189;167;174;158;184;164;156;180;171;178;136;140;177;157;191;197;194;202;169;170;167;164;155;154;155;166;169;148;165;142;155;173;149;155;159;146
" ";" ";"85-89 years";237;212;200;200;232;222;205;189;212;171;183;188;181;192;179;156;178;157;185;147;144;127;151;127;146;154;145;152;128;157;127;154;143;146;164;144;150;159;129;165;151;134;144;176;145;176;148;155;162;166;202;158;151;177;158;166;158;184;190;162;159;162;179;171;178;149;177;173;159;160;148;142;165;148;146;149;135;174;136;141;166;175;146;160;157;173;142;167;153;172;131;138;126;142;157;127;165;143;149;174;172;180;183;180;206;192;187;173;179;187;161;177;185;206;179;182;177;186;171;196;156;173;156;148;157;156;145;163;148;135;145;173;146;158;155;133;152;160;156;125;132;142;150;159;148;165;158;148;152;144;144;188;178;185;177;155;161;187;183;176;172;174;176;163;171;187;169;196;184;155;166;185;168;163;169;169;154;158;151;146;164;161;130;155;140;162;141;137;162;158;168;145;147;142;141;137;148;170;147;145;167;157;178;161;170;164;157;181;163;159;177;163;152;212;194;217;211;194;162;186;182;164;165;169;157;171;171;178;169;154;164;158;150;146;147;140;153;148;161;149;151;150;164;147;143;134;151;151;165;162;161;138;144;143;207;164;146;164;205;171;193;194;203;191;175;189;192;212;201;225;232;208;227;191;176;188;159;152;148;167;163;148;153;147;148;148;178;165;142;164;181;154;163;170;181;151;158;143;152;159;186;158;132;156;178;167;148;157;174;165;168;156;158;166;193;179;176;190;200;199;176;186;175;169;168;169;177;144;176;179;173;161;152;143;176;158;159;168;150;151;155;168;153;130;137;155;157;141;160;158;168;158;166;171;158;158;149;166;158;163;161;183;171;151;165;218;197;162;153;167;171;172;165;191;154;170;210;190;181;190;171;150;183;174;156;156;150;152;158;151;159;158;154;168;146;148;172;134
" ";" ";"90-94 years";185;157;139;159;175;135;180;142;144;150;149;143;142;154;126;147;114;122;135;135;113;110;111;110;99;109;100;125;110;110;123;118;99;103;102;96;120;116;117;93;103;105;103;115;90;112;119;111;115;118;135;112;122;131;130;116;146;135;148;134;117;148;116;119;115;110;105;102;121;124;118;128;120;108;98;106;109;109;119;134;103;132;144;139;121;122;115;147;125;107;114;108;117;114;106;99;109;120;149;123;152;134;148;136;132;144;141;159;131;156;158;168;162;161;171;152;144;135;151;139;111;111;124;113;122;105;110;137;119;118;136;97;121;130;109;133;118;92;105;117;116;115;138;121;111;140;138;134;113;118;119;146;125;123;122;125;123;151;126;138;141;142;143;117;138;152;141;149;149;135;126;136;117;117;121;120;103;123;107;117;121;115;135;109;95;118;131;113;125;105;108;112;128;104;117;136;110;122;138;107;132;125;126;142;133;145;139;146;169;178;128;162;157;172;133;156;164;175;172;151;157;134;136;117;110;121;142;131;125;117;110;126;135;123;125;99;105;112;107;132;116;125;104;114;128;112;113;118;121;132;107;101;131;131;132;120;135;145;139;144;153;140;172;164;137;160;158;169;182;173;174;186;163;179;153;140;129;131;131;133;108;106;144;117;134;131;98;128;123;132;140;137;129;113;113;117;109;119;136;129;128;143;119;118;125;101;130;128;115;143;130;132;111;148;147;148;137;154;165;161;130;144;116;141;131;124;148;115;139;131;147;110;122;121;135;122;118;116;112;108;128;108;129;109;98;118;132;132;127;119;111;126;141;116;139;140;127;134;111;135;134;134;152;165;137;134;152;153;135;137;141;140;139;134;142;121;132;165;132;142;131;153;147;124;114;138;103;123;129;130;112;125;127;115;111;124;113;113
" ";" ";"95-99 years";64;63;66;55;57;67;72;45;56;60;46;61;53;47;41;36;54;47;54;45;61;37;47;40;40;39;43;38;43;45;36;42;47;35;40;43;43;39;43;56;32;49;42;38;33;33;36;51;62;39;40;48;50;53;43;41;51;49;54;40;39;47;35;42;51;41;48;40;54;46;37;41;48;33;51;36;48;51;32;45;45;45;52;42;54;41;45;41;44;35;41;34;47;57;44;42;40;53;42;47;50;51;51;59;54;55;56;59;66;50;72;61;62;70;53;59;53;61;65;47;51;58;49;44;62;51;43;39;43;33;40;44;54;27;40;44;34;57;42;48;44;49;49;38;38;38;58;59;48;56;39;51;54;53;58;53;43;53;55;50;59;56;54;66;78;71;52;70;51;53;52;53;67;53;58;55;45;53;52;54;50;49;51;54;37;53;55;48;38;46;56;36;52;39;27;46;48;49;58;55;40;54;53;54;55;59;54;55;67;68;53;51;62;61;56;91;74;70;50;61;56;60;47;60;56;55;45;44;50;55;52;55;43;53;44;41;61;47;45;57;51;40;56;59;44;60;59;54;45;48;57;45;43;48;54;54;58;57;57;55;66;54;78;70;67;64;74;87;72;86;85;66;66;63;60;63;55;60;52;59;53;60;40;40;52;58;43;60;52;51;59;64;56;60;47;48;47;52;42;47;56;60;43;48;52;64;55;51;64;63;63;62;51;60;66;58;52;80;69;59;65;53;54;58;67;57;55;59;54;52;56;50;58;56;45;47;44;53;64;42;44;57;41;68;44;46;60;56;43;49;60;62;49;59;57;44;55;52;63;54;60;49;67;54;65;54;66;62;62;56;56;60;55;43;65;52;53;52;55;56;63;49;55;46;45;57;53;43;61;43;57;61;45;72;54;60;46;52
" ";" ";"100 years and over";12;9;15;16;14;19;12;14;11;9;9;8;8;7;12;7;8;3;9;6;13;7;13;9;12;5;9;8;13;12;9;5;11;4;11;9;9;6;10;3;8;8;5;4;9;11;11;9;9;4;12;8;14;10;9;12;8;12;11;6;9;3;4;6;13;12;10;9;12;14;5;5;8;9;6;6;8;3;11;7;13;14;10;7;9;10;10;10;9;15;8;9;8;6;9;9;5;11;9;9;13;16;13;9;11;5;12;10;7;10;5;8;18;13;8;11;14;9;12;8;5;9;10;7;6;10;10;10;14;7;14;14;2;12;3;9;10;10;8;3;16;4;9;8;6;9;13;10;11;9;11;8;7;5;12;9;9;11;11;10;11;12;11;10;9;10;13;14;10;16;12;6;15;12;11;12;12;9;8;4;6;11;14;7;14;9;9;9;9;10;18;11;9;5;6;8;5;4;7;18;5;8;10;13;6;18;9;8;11;16;8;15;15;5;17;16;13;15;9;10;18;10;18;14;13;11;11;13;11;8;9;12;20;11;5;13;10;13;10;6;16;6;15;8;7;9;11;8;7;11;5;7;3;11;16;6;15;14;18;9;11;15;16;9;7;14;18;14;18;8;7;14;12;16;15;12;10;10;7;12;11;10;6;12;6;6;11;13;15;5;14;6;7;10;11;9;11;12;10;6;11;6;10;10;6;12;9;5;9;10;9;10;14;14;12;10;14;14;12;13;12;11;7;14;15;11;8;14;10;7;18;10;7;10;8;11;16;16;14;9;9;17;7;7;7;9;10;9;7;7;11;18;7;10;7;12;6;6;10;6;10;13;10;13;20;12;19;15;16;10;5;12;13;11;12;11;8;5;10;8;15;15;12;9;9;9;13;11;11;12;11;9;10;11;12;10;8;15
" ";"Men"
" ";" ";"Total";598;547;596;594;584;597;584;566;627;554;549;548;564;515;541;538;510;487;494;485;492;456;467;461;483;490;473;475;455;497;463;454;420;434;399;451;447;515;454;466;465;431;446;465;473;499;448;472;469;497;537;524;514;526;538;518;548;522;558;493;479;499;513;502;479;496;508;510;501;485;501;472;521;442;465;469;452;493;438;488;478;510;475;494;452;448;473;505;468;484;453;453;476;452;459;450;489;482;491;515;542;535;527;540;551;534;525;539;527;560;536;574;605;599;595;527;520;539;525;523;492;514;473;471;478;483;458;477;466;458;486;478;460;450;504;466;454;480;443;457;468;475;463;481;481;454;501;502;507;521;501;564;557;525;513;491;489;548;534;520;582;540;503;548;562;561;553;581;540;563;503;546;474;501;539;527;454;498;476;467;456;497;415;464;446;479;451;441;475;473;489;469;486;487;485;501;470;529;521;487;476;506;538;522;494;507;547;518;545;570;554;559;555;595;569;606;588;606;531;564;561;530;498;513;473;503;563;523;498;496;477;518;518;492;496;498;459;456;472;484;447;438;469;476;458;486;491;498;493;484;500;468;500;487;558;518;510;538;556;545;555;578;583;595;565;576;571;632;612;646;700;620;656;586;597;584;536;512;514;530;509;501;488;527;480;476;463;526;483;488;578;563;526;495;499;448;518;496;520;501;492;495;512;509;516;495;482;495;510;535;519;567;520;537;595;561;542;646;650;613;568;531;505;532;550;519;516;505;503;515;530;517;486;485;516;503;468;519;509;459;485;507;509;504;485;496;502;508;504;514;494;510;496;564;505;546;497;550;536;546;565;583;531;542;512;586;581;543;544;553;570;512;531;511;533;544;574;600;584;598;540;541;527;526;494;509;482;497;519;477;497;506;476;537;482;493;471;484
" ";" ";"0-4 years";4;2;1;2;5;3;2;2;2;4;1;0;2;3;6;4;1;0;1;1;2;3;0;5;5;0;2;1;2;3;3;3;3;1;2;2;2;4;2;4;2;2;2;2;2;4;0;3;4;1;2;5;1;6;2;4;3;3;8;6;4;1;6;1;2;0;0;5;2;4;2;2;5;3;3;2;0;4;1;1;4;2;3;3;1;4;1;4;1;2;5;5;3;4;2;2;6;3;2;4;4;0;1;1;3;1;1;1;2;1;2;3;3;4;3;5;3;4;1;3;3;2;1;0;2;2;2;5;4;2;2;1;4;5;2;1;3;1;4;4;3;2;1;4;5;0;4;2;5;1;2;2;3;1;1;2;2;4;2;2;2;4;3;3;4;0;1;3;3;6;1;2;7;2;1;1;2;7;4;2;2;1;3;4;2;3;4;5;3;0;4;3;3;0;1;1;8;3;3;1;1;2;1;1;4;2;1;1;1;4;5;2;3;6;3;7;3;7;2;2;1;2;1;4;6;2;4;1;1;4;2;4;2;4;2;5;3;3;3;4;2;3;4;4;4;3;4;5;2;1;1;1;2;2;3;3;1;5;3;0;1;3;4;2;7;4;1;3;5;4;0;6;5;1;8;4;3;2;3;1;3;3;6;2;3;2;3;2;3;1;2;0;1;1;5;2;4;2;1;3;1;3;2;4;3;1;2;2;1;0;6;4;3;1;0;1;2;1;1;6;2;2;2;3;2;2;0;0;1;3;4;1;2;2;3;3;0;0;3;4;7;2;3;3;4;3;3;3;2;3;5;1;0;5;6;6;1;1;3;4;2;3;0;0;1;2;1;1;2;3;0;1;0;3;0;1;0;0;0;1;2;0;2;2;1;1;1;2;5;2;2;3;1;1;1;1;1;1
" ";" ";"5-9 years";0;0;1;0;0;0;0;0;0;0;0;0;1;0;0;0;0;0;0;0;2;0;0;0;0;0;0;0;0;0;0;0;0;0;0;0;0;0;0;1;0;1;0;0;0;0;0;0;1;0;1;0;0;0;0;0;0;0;0;0;0;0;0;0;0;0;0;0;0;1;2;0;0;0;0;0;0;1;0;0;0;0;0;0;1;0;0;0;0;0;0;0;0;2;0;1;0;0;0;0;0;1;0;0;0;0;0;1;2;0;1;1;0;1;1;0;0;0;0;0;0;0;0;0;0;1;0;0;0;0;0;0;0;1;1;1;0;0;0;0;0;1;0;0;0;0;0;0;0;0;0;0;0;1;0;0;0;1;1;0;0;0;0;0;0;1;0;0;0;0;1;0;0;0;1;0;0;0;1;0;1;0;0;0;0;1;0;0;2;0;0;0;0;0;0;1;0;0;0;0;0;0;1;0;0;0;1;0;0;0;1;0;0;0;0;0;0;0;0;0;1;0;0;0;0;1;0;0;0;0;0;0;0;0;0;0;0;0;0;0;2;1;0;0;0;0;0;0;0;0;1;0;0;0;1;0;0;0;0;1;0;0;0;0;1;0;0;1;0;0;0;0;1;0;1;0;0;0;0;0;0;0;1;0;0;0;0;0;0;0;0;0;1;0;1;0;0;2;0;0;0;0;0;0;0;0;1;0;0;1;1;0;0;0;0;0;1;0;0;0;0;0;1;0;0;0;0;0;1;1;0;0;0;0;0;0;0;0;0;0;0;0;0;1;0;0;1;1;0;0;0;1;0;0;0;0;0;0;0;0;0;1;0;0;0;1;0;0;0;0;1;0;1;0;1;0;1;0;0;0;1;0;0;0;0;0;0;0;0;0;0;0;0;0;1;0;0;0
" ";" ";"10-14 years";0;0;0;1;0;1;1;0;0;0;0;1;0;0;1;1;0;1;1;0;0;0;0;2;0;1;0;0;0;0;0;0;0;0;0;0;1;1;0;1;0;0;0;0;0;0;2;0;0;0;0;0;0;0;0;1;1;0;0;0;0;1;0;0;0;0;1;0;0;0;0;0;0;0;0;0;0;1;0;0;0;0;0;0;1;1;0;0;0;0;1;1;0;0;0;0;1;1;0;1;0;1;0;0;0;1;0;1;0;0;1;0;0;0;0;0;0;0;0;0;0;0;0;0;2;0;0;0;0;0;1;1;1;0;0;1;0;0;1;0;0;0;0;1;0;0;0;2;0;0;0;0;0;0;0;0;0;1;0;0;0;0;0;1;0;0;0;0;0;0;1;0;0;0;0;0;0;1;1;0;2;0;1;0;0;0;0;1;0;0;0;0;0;0;0;0;1;0;0;0;0;0;0;0;0;0;0;0;1;0;1;0;1;1;0;0;1;0;0;0;0;1;0;1;0;0;0;0;0;0;0;0;0;1;0;0;1;0;0;1;0;0;0;0;0;0;1;0;1;0;0;0;1;0;0;2;0;0;0;0;0;1;0;0;0;1;0;1;0;0;1;0;0;1;0;0;1;1;0;0;0;0;0;0;0;0;0;0;0;0;0;0;0;0;0;0;1;0;0;2;0;0;0;0;0;0;1;0;0;2;0;0;0;0;1;0;1;1;0;0;0;0;1;1;0;0;0;1;1;1;1;1;0;0;0;0;0;0;0;0;0;1;0;1;0;0;0;0;0;2;0;0;0;0;1;0;0;0;0;0;0;0;1;0;0;0;0;2;1;1;0;1;0;0;0;1;2;0;0;0;0;0;0;0;0;0;2;0;0;0;0;0;1;0;1;1;1;0
" ";" ";"15-19 years";2;1;0;3;1;1;1;2;0;0;0;3;1;1;0;1;1;0;5;1;0;0;0;0;0;1;1;0;0;4;2;2;0;0;0;0;1;2;3;3;3;0;0;1;0;1;1;2;1;2;1;0;2;0;0;1;2;2;2;0;1;1;0;1;1;0;0;0;0;1;1;2;0;2;1;0;0;1;0;2;0;0;0;0;1;2;1;1;3;2;0;0;0;1;0;0;1;1;2;0;2;0;0;0;1;2;0;1;2;0;1;0;3;2;0;0;0;0;1;0;1;0;0;2;1;1;3;0;0;1;0;1;1;0;1;0;0;1;0;0;1;1;0;0;0;0;0;1;3;1;1;0;0;0;3;0;2;2;0;0;0;1;0;1;0;1;1;0;0;0;1;1;0;0;0;0;0;2;0;1;0;0;1;0;0;0;1;0;0;1;1;1;0;0;2;1;0;1;1;0;0;1;0;3;0;0;2;0;3;0;4;0;1;3;0;2;1;0;0;0;3;0;2;1;1;0;1;3;0;2;0;2;0;0;0;0;0;0;2;1;2;1;0;1;0;0;2;1;1;1;1;1;1;0;0;1;1;0;0;1;0;3;1;1;1;2;0;3;1;0;1;0;1;1;1;1;2;0;2;0;3;2;1;0;1;2;1;0;1;1;2;1;1;1;1;1;0;0;0;1;0;1;1;2;0;2;2;2;1;0;2;2;1;2;1;2;1;2;1;1;1;0;0;1;2;0;0;3;0;1;1;3;0;2;2;0;0;1;0;1;0;1;0;2;2;0;2;2;0;0;0;1;4;1;0;1;1;1;1;1;1;1;1;0;0;0;0;0;0;2;1;1;0;1;2;0;1;1;0;0;1;2;0;1;0;0;0;0;0;1;0;1;0;1;2;2;0;1
" ";" ";"20-24 years";1;2;3;0;1;0;1;0;0;0;1;1;0;2;2;0;2;1;1;1;0;2;0;2;2;2;3;1;2;0;2;1;0;2;1;1;0;3;1;3;2;1;0;3;1;0;0;1;4;2;1;0;0;3;2;0;2;1;0;3;5;0;1;2;4;0;2;0;2;0;1;0;2;3;0;1;1;3;0;2;1;2;0;5;1;1;1;0;0;1;0;0;2;0;2;2;2;1;1;2;0;1;4;1;4;3;1;2;2;3;1;2;3;0;3;0;2;1;4;1;2;0;4;4;1;1;4;3;0;1;1;1;1;0;2;1;1;1;1;3;2;0;0;1;3;2;0;2;1;3;2;4;1;2;1;2;1;3;0;3;1;2;2;2;3;1;1;1;1;0;2;0;2;0;3;1;2;1;4;1;3;1;1;2;3;1;2;2;1;0;2;2;4;2;0;3;2;1;3;3;3;1;3;1;1;1;2;2;0;0;2;2;2;2;1;0;0;1;2;3;1;2;2;0;2;5;3;1;5;1;2;2;2;2;6;1;1;0;3;0;1;3;3;0;1;1;1;2;2;2;1;3;3;2;1;0;2;1;2;0;5;0;2;0;1;0;1;1;1;1;4;1;1;4;2;3;5;5;2;2;0;0;0;1;0;0;1;0;0;2;3;0;1;1;3;2;1;0;0;1;0;0;2;1;1;0;0;0;0;1;0;3;0;4;0;2;2;1;0;0;2;0;1;0;1;2;2;2;0;1;0;1;1;2;3;1;0;3;2;2;0;3;5;3;2;2;0;3;2;2;1;1;0;1;2;4;1;1;1;1;4;0;1;3;2;2;0;0;2;3;1;1;1;3;1;1;0;1;3;1;1;0;2;1;0;1;2;0;3;2;1;4;1;4;2;5;2;1
" ";" ";"25-29 years";3;2;3;1;1;0;1;2;0;1;0;0;2;2;1;3;2;5;2;0;2;2;1;0;2;0;2;1;1;2;2;0;1;2;1;2;1;2;1;0;0;3;2;1;1;2;1;0;3;2;0;2;1;3;2;2;1;3;1;3;1;2;3;2;1;1;0;3;2;2;1;0;1;0;1;2;0;3;0;1;1;1;5;1;2;1;2;1;0;2;1;3;2;2;3;3;3;0;5;2;2;3;1;1;1;1;2;1;1;3;1;1;1;1;1;1;1;2;2;1;1;2;0;2;4;2;1;1;2;1;4;3;2;1;2;2;0;2;0;3;2;1;1;0;2;3;3;0;4;0;2;0;3;3;1;1;4;2;3;2;2;3;1;3;0;2;2;4;0;3;3;2;1;2;0;6;3;1;2;1;2;1;0;4;3;5;3;0;0;1;2;1;1;0;1;3;1;2;2;1;1;6;2;1;2;0;2;0;1;0;2;4;2;1;0;1;1;2;3;1;2;5;0;1;1;1;3;1;1;2;2;1;0;4;0;0;2;1;2;1;0;1;2;5;1;1;2;2;4;3;1;3;0;2;5;0;2;3;3;1;0;2;3;1;8;1;3;1;3;2;0;3;1;2;1;4;3;0;3;3;0;3;2;2;2;0;2;3;0;1;0;2;0;1;2;1;2;2;3;1;2;2;4;0;1;1;2;2;1;1;2;5;0;0;2;1;4;2;3;1;1;1;3;4;1;0;3;2;2;0;6;2;1;2;2;2;0;2;3;0;1;5;2;0;2;1;3;2;1;1;1;0;1;2;3;0;1;3;3;1;2;0;2;3;1;4;1;3;0;4;6;3;1;4;1;3;1;0;3;1;6;1;1;1;2;0;0;1;3;0;3;2;4;3;4;2;3;2
" ";" ";"30-34 years";3;1;2;4;1;1;2;2;4;2;3;2;0;0;3;1;2;0;3;2;1;0;3;1;2;0;2;3;2;0;2;5;2;3;0;2;0;3;4;1;3;2;1;2;2;3;1;1;0;2;2;2;3;2;1;0;1;1;1;3;1;3;4;4;2;3;2;2;1;4;3;3;3;4;0;1;0;3;2;1;1;5;4;3;3;2;1;1;3;0;2;4;4;1;3;2;3;5;3;2;2;2;1;2;1;0;5;2;3;1;1;1;1;1;1;3;1;1;0;3;2;1;0;0;2;0;3;2;1;1;3;2;1;2;1;0;1;0;1;3;1;2;2;2;3;1;1;0;1;1;1;6;1;2;4;2;2;4;1;0;2;1;1;3;4;1;1;2;1;0;2;1;2;1;3;2;7;1;2;2;0;1;0;5;0;3;0;0;0;5;2;0;1;2;2;2;4;1;5;2;2;2;3;0;2;3;1;4;5;1;2;1;4;1;2;3;3;2;1;1;2;4;4;1;1;3;1;1;1;2;2;0;1;2;2;0;1;2;2;1;1;1;2;0;2;2;0;2;6;2;1;2;4;4;2;2;2;0;1;5;3;0;1;0;2;2;3;3;1;2;4;2;1;0;3;5;6;5;1;1;0;3;5;2;3;3;1;2;0;3;4;2;3;2;1;2;3;3;4;1;4;2;1;0;2;3;2;2;0;4;3;1;1;2;2;4;0;1;2;1;2;2;4;3;1;1;1;4;0;1;3;1;2;2;2;1;3;4;1;4;2;3;1;1;3;1;3;0;2;2;0;1;0;4;2;0;3;3;1;0;2;2;3;3;2;1;3;4;0;0;4;1;0;4;0;1;2;0;1;2;3;1;0;2;1;2;2;0;2;0;4;3;1;1;4;0;1;2
" ";" ";"35-39 years";3;3;3;1;2;4;1;2;7;3;6;5;8;2;5;4;6;6;5;2;4;3;2;0;2;3;2;2;1;4;3;4;5;1;1;2;4;2;4;2;1;2;4;5;6;5;3;4;6;2;2;3;4;4;2;3;2;3;4;5;3;2;5;3;3;5;1;7;3;5;3;3;5;3;2;1;2;1;2;3;3;2;2;5;3;3;2;8;5;2;3;3;2;6;2;1;3;2;6;6;3;4;2;3;3;2;1;3;3;1;4;3;0;1;2;8;2;6;3;2;2;3;0;2;3;2;2;0;3;2;1;4;5;6;1;2;6;1;3;2;4;3;3;3;4;4;2;3;0;2;4;6;2;4;4;2;2;3;5;5;7;1;5;6;3;0;1;4;0;1;5;6;2;5;3;1;1;2;2;6;6;3;1;3;3;0;2;1;4;3;2;2;2;5;5;2;2;2;4;4;3;3;5;0;3;3;1;4;2;1;2;5;2;1;4;2;5;3;2;5;2;5;3;4;2;2;3;2;5;2;3;2;1;5;1;0;1;5;1;4;6;0;4;3;2;4;2;0;4;0;2;2;1;1;0;1;5;4;3;4;0;2;2;2;2;1;4;4;3;1;2;3;3;1;4;6;2;1;1;4;1;4;2;4;7;2;2;2;2;2;1;1;0;2;0;2;3;5;3;1;2;3;4;3;4;2;3;5;1;5;5;3;2;3;1;3;1;6;3;4;3;1;2;0;1;2;2;3;3;1;3;2;2;2;4;4;0;2;0;3;1;5;3;6;2;2;7;4;1;3;2;3;3;3;5;5;2;3;1;2;1;1;2;2;6;2;7;5;1;3;2;2;5;1;1;6;2;3;1;1;3;4;2;4;5;1;5;2;2;2;2;2;4;1;5;2;5;4
" ";" ";"40-44 years";7;7;10;7;7;8;5;1;10;5;8;4;3;6;5;5;7;8;4;4;4;11;4;10;3;5;6;6;6;3;7;3;5;5;3;6;8;4;2;4;4;5;3;10;7;6;3;5;3;3;5;9;9;6;1;3;3;5;5;10;5;6;8;4;6;9;6;8;5;4;3;8;6;5;3;3;7;9;4;2;9;7;5;6;5;5;8;4;7;3;6;7;4;4;5;8;6;3;3;7;3;7;6;5;5;11;8;3;5;6;5;3;5;4;3;4;8;5;4;4;4;6;7;5;3;9;1;11;7;6;4;4;3;6;7;4;1;6;6;6;5;6;2;2;1;5;3;5;8;2;4;4;10;8;5;4;4;7;6;1;10;8;13;6;6;3;3;5;4;8;4;5;10;1;3;5;10;4;7;4;3;5;1;5;7;4;7;9;6;2;3;6;5;4;5;7;4;1;5;2;1;4;10;2;5;7;3;4;6;3;4;6;4;4;5;5;1;3;6;6;7;7;6;6;2;2;8;1;4;4;7;7;6;3;4;4;2;5;8;4;4;3;3;2;3;3;6;2;3;2;2;6;1;10;6;5;2;4;4;3;7;6;3;2;2;5;7;4;5;2;3;7;7;4;4;3;3;6;12;7;8;4;3;4;3;2;3;6;5;5;3;6;7;3;7;5;6;2;6;4;4;6;6;5;6;2;3;2;2;5;6;4;7;4;9;2;1;6;5;1;3;3;4;4;6;2;3;5;3;4;2;9;6;3;5;6;4;1;3;3;5;3;4;2;3;3;6;6;5;7;3;4;0;2;0;3;1;5;1;3;4;5;7;4;8;2;4;2;4;3;1;5;7;3;7;4;7;3;4;5;3;4;6;3;7;7;3;2;5;5;3;2;4;5;5;4;6;2
" ";" ";"45-49 years";6;9;14;7;11;13;11;9;14;13;13;10;13;11;12;15;4;15;11;13;9;10;10;9;7;12;14;8;14;18;12;10;6;4;6;9;11;10;7;12;13;4;15;18;12;9;10;9;8;13;6;14;16;5;12;6;8;11;14;8;13;9;4;10;5;10;11;11;13;12;7;8;9;6;14;12;9;13;7;11;6;9;14;9;9;10;7;17;10;10;14;7;15;7;9;11;10;9;8;10;8;8;11;11;6;13;10;10;5;17;11;9;5;14;14;7;7;15;12;13;10;13;11;18;11;13;5;4;3;10;12;6;11;8;12;12;11;11;6;14;8;11;4;10;7;10;6;4;12;14;5;8;19;8;6;4;5;8;7;12;12;13;7;12;4;11;13;15;8;19;13;15;9;7;10;6;6;11;5;3;5;7;7;10;8;10;5;6;13;8;9;8;7;14;8;10;6;7;10;6;9;10;9;9;11;8;10;6;9;6;8;11;11;6;7;9;5;9;11;7;7;10;9;11;11;8;9;11;12;5;7;9;9;12;7;10;11;6;9;6;6;9;3;7;4;14;12;11;6;13;8;14;8;7;4;9;11;4;11;15;6;9;12;9;11;10;8;8;6;12;3;7;9;15;11;10;8;8;9;5;6;8;3;11;5;4;4;7;6;10;4;8;8;7;8;7;6;2;8;5;6;8;6;9;8;12;10;8;7;7;3;13;9;12;12;6;9;7;6;7;8;17;5;8;12;12;8;4;2;9;11;12;8;8;2;6;4;7;6;7;5;11;5;5;9;6;4;8;8;8;7;10;9;10;8;7;5;7;6;11;9;7;11;8;8;6;10;7;5;9;9;5;12;5;9;7;5;10;14;10;8;15;7;9;4;6;5;5;6;11;3;1;6;7;6;8;7;8
" ";" ";"50-54 years";6;13;23;20;16;18;26;18;25;14;17;14;25;14;21;27;13;15;11;17;13;20;10;20;16;23;18;17;20;19;20;16;18;13;21;13;13;15;20;22;19;16;9;15;13;12;16;21;9;13;18;13;16;16;22;18;14;20;22;12;10;18;26;17;14;15;18;17;21;14;14;24;13;9;13;14;15;16;18;14;14;19;20;14;15;14;14;6;13;14;22;17;13;15;11;12;15;16;9;11;17;24;20;18;21;15;14;22;16;9;19;29;20;19;29;18;21;13;11;11;14;15;10;14;17;14;17;16;9;18;14;15;13;14;13;19;11;15;15;17;17;19;19;17;22;12;23;17;18;25;13;16;19;9;20;17;15;14;18;19;18;21;11;18;19;20;17;21;13;13;10;17;11;16;16;9;12;16;13;13;13;13;13;12;14;17;9;16;16;16;10;15;13;16;12;14;14;15;9;18;12;16;14;18;19;17;16;17;15;20;26;10;12;26;11;15;17;20;16;17;21;9;13;18;16;15;15;8;20;17;11;17;14;14;7;14;8;14;11;9;10;24;12;20;16;9;15;11;18;11;15;10;19;17;9;14;20;19;18;17;20;18;12;9;22;10;14;16;14;18;24;15;24;15;20;26;10;18;21;15;22;20;10;17;13;13;9;16;16;18;20;15;17;16;19;15;13;15;5;10;17;9;16;16;8;7;12;13;13;14;19;14;11;13;19;15;15;14;13;21;13;11;14;13;12;16;15;18;16;10;15;7;17;14;17;14;11;14;18;13;6;18;20;15;12;19;11;13;15;12;4;19;19;9;19;12;14;12;18;17;19;10;10;13;9;11;23;13;14;23;20;16;15;15;11;9;13;12;10;7;9;12;15;24;12;9;16;12;12;15;9;16;16;13;9;13;16;12
" ";" ";"55-59 years";31;26;35;34;29;26;31;27;32;32;27;24;23;29;26;16;24;32;32;22;32;26;29;24;28;26;21;25;26;33;24;26;22;28;14;16;28;27;19;14;24;16;31;16;25;26;26;23;20;28;24;22;23;27;28;21;27;21;22;26;20;30;29;35;31;21;34;34;24;23;22;22;31;26;31;26;17;16;16;27;25;34;23;33;8;18;22;23;26;26;17;22;28;13;18;25;23;28;22;24;23;32;29;23;21;30;23;25;22;22;22;25;24;30;30;21;24;18;25;21;16;29;22;23;24;25;31;26;21;23;25;29;18;29;16;24;21;30;26;20;27;21;22;21;22;21;18;25;15;20;14;24;31;20;24;21;25;37;26;24;23;25;21;29;28;29;29;27;27;18;22;38;23;21;23;29;27;26;22;22;19;27;23;23;12;11;26;26;19;21;27;26;30;27;21;26;32;31;18;19;26;22;21;24;19;25;32;29;31;25;28;20;24;20;18;21;25;27;24;25;24;25;16;21;24;30;21;23;26;31;26;20;19;29;27;16;26;35;15;17;19;19;22;22;29;23;18;24;24;25;23;24;23;16;20;26;19;23;19;26;17;23;23;24;21;22;31;41;24;31;33;24;30;17;27;22;19;20;26;25;22;24;25;31;12;21;11;20;19;30;24;26;21;21;20;24;14;27;25;20;25;23;22;20;20;24;16;22;18;21;25;32;28;30;27;24;23;27;31;30;16;25;16;16;24;27;14;19;19;20;19;29;17;17;24;24;23;24;20;28;22;18;22;23;20;35;28;21;20;20;22;24;25;28;18;19;20;29;20;20;10;15;19;29;21;22;19;16;22;23;21;18;26;25;29;16;18;17;22;19;21;22;23;22;25;20;12;19;24;16;34;28;15;27;19;22;25;28
" ";" ";"60-64 years";42;31;31;39;32;50;41;48;36;44;43;42;41;37;43;44;39;35;27;40;32;44;38;33;35;37;46;38;46;32;39;26;29;27;36;40;38;34;38;47;30;29;36;34;40;50;27;32;31;42;31;42;32;43;40;33;53;49;42;32;40;33;38;41;39;37;42;40;26;47;34;26;54;29;30;35;38;37;28;39;41;40;46;34;28;32;40;36;35;38;27;31;31;25;24;39;46;38;46;35;44;31;35;46;36;36;48;41;32;39;46;46;35;43;50;34;35;32;43;33;21;31;47;34;29;33;29;28;32;44;36;27;40;31;41;31;32;48;33;41;41;36;28;42;32;29;38;31;42;41;38;38;38;34;41;31;31;34;30;41;38;42;37;35;40;46;33;36;40;47;37;36;33;39;51;35;19;34;30;42;21;49;26;33;29;38;34;30;35;30;32;32;36;31;43;36;38;38;33;36;32;44;34;43;34;23;39;36;35;36;40;34;35;46;43;30;29;36;42;32;38;48;41;29;38;39;33;38;29;37;34;34;32;25;39;39;29;27;25;32;21;27;31;28;38;43;31;29;30;37;34;33;41;37;43;36;42;31;37;31;35;46;29;30;31;36;28;38;38;35;50;43;50;37;40;47;39;34;33;33;43;33;32;38;37;35;26;36;31;36;46;28;41;45;28;32;22;32;27;30;30;19;30;31;32;34;29;30;35;31;34;31;31;33;38;32;37;46;51;47;36;34;39;30;29;37;31;29;30;43;22;37;25;31;31;25;26;37;39;28;22;25;38;41;38;31;36;34;27;34;38;41;25;37;33;42;31;44;50;31;40;41;39;32;42;41;33;32;35;33;30;32;33;25;31;34;36;28;31;32;32;29;25;30;31;33;37;36;33;32;35;45;34;33;31;24;19;32
" ";" ";"65-69 years";73;62;60;54;65;67;64;66;77;63;55;57;53;57;58;68;75;61;51;67;67;53;57;58;61;54;50;60;51;57;47;49;40;54;46;56;55;62;48;59;66;54;46;50;52;64;53;52;54;58;53;56;49;64;72;52;65;52;62;51;55;49;64;64;59;61;59;76;54;52;63;58;74;49;53;53;51;60;61;54;44;48;48;47;51;40;52;51;54;54;61;55;71;61;57;49;56;49;55;51;60;57;52;56;67;62;57;54;59;65;60;62;49;61;69;57;55;58;56;50;65;47;52;52;50;57;42;44;56;41;52;52;51;63;56;45;56;50;52;35;48;48;49;48;48;45;58;54;48;54;51;51;65;56;56;59;52;60;47;53;70;62;59;58;66;57;61;55;64;57;56;48;41;63;48;57;53;45;58;44;54;49;43;45;47;45;47;47;43;54;52;53;59;43;44;58;54;53;42;44;32;67;51;54;49;63;52;56;45;43;56;49;50;55;53;57;48;50;47;46;56;48;54;46;46;44;54;63;49;48;34;41;42;47;53;51;49;46;54;41;53;39;47;50;34;54;47;49;43;44;57;60;50;40;55;43;46;63;46;63;47;47;46;65;46;55;62;53;54;64;74;49;54;48;50;41;45;54;39;58;57;47;47;48;39;52;42;48;44;45;47;53;59;43;50;34;53;56;53;47;39;52;51;44;41;67;36;41;51;52;53;48;54;67;51;54;55;75;72;58;70;49;45;53;56;43;57;45;43;46;54;51;49;50;47;52;51;51;58;35;38;48;29;48;53;42;51;56;45;45;43;41;46;58;51;60;45;57;50;50;66;61;50;46;49;69;43;59;49;49;56;47;52;42;50;68;56;53;52;56;54;49;42;56;49;49;47;35;46;50;42;45;42;47;47;48;36;48
" ";" ";"70-74 years";64;57;59;72;68;84;61;55;56;67;70;71;70;59;60;66;66;65;64;56;55;39;61;56;50;67;57;59;51;60;57;60;69;71;45;57;62;75;55;55;58;51;61;66;50;57;49;60;72;63;77;72;77;51;80;64;62;60;74;42;62;54;49;61;49;61;71;66;63;56;88;70;65;69;47;68;53;57;73;52;66;63;54;60;70;58;57;76;61;70;57;68;55;59;68;54;54;69;75;75;66;68;79;66;60;57;76;64;81;79;76;77;93;77;78;52;72;77;70;88;72;69;72;66;75;73;58;69;69;67;75;74;57;51;80;54;61;58;50;62;65;53;65;59;74;55;61;66;88;72;75;65;60;75;69;65;59;78;78;66;88;71;64;68;84;76;71;87;65;75;64;88;69;73;91;75;71;67;60;63;69;67;64;67;58;67;59;58;51;60;82;70;69;79;68;65;54;70;78;65;60;79;71;57;82;65;82;61;80;100;55;95;95;77;88;88;82;81;78;91;78;73;64;70;62;61;91;76;76;79;77;73;90;83;69;76;64;69;72;76;83;60;62;72;74;73;78;76;62;66;68;74;57;69;83;66;56;94;80;74;75;88;68;81;70;90;60;85;100;74;100;85;77;69;86;75;78;55;55;83;65;81;65;95;77;68;72;83;59;63;76;99;76;77;64;73;68;75;84;81;77;75;91;63;69;71;68;62;86;60;70;76;77;81;91;78;87;94;84;80;76;70;78;70;81;60;71;78;81;65;75;67;77;71;63;71;56;83;79;64;65;82;77;81;89;71;58;69;70;79;62;64;63;83;73;73;71;72;60;89;79;80;63;64;62;76;82;72;84;75;68;71;76;88;62;78;76;80;92;92;63;73;75;67;69;72;70;73;72;66;61;53;60;78;59;71;60;71
" ";" ";"75-79 years";77;80;80;79;88;73;70;84;87;84;74;69;78;60;75;73;67;70;62;67;69;71;57;67;64;75;66;66;55;66;74;64;58;59;57;69;59;73;73;64;61;55;68;63;77;75;58;64;64;53;76;83;64;67;72;78;71;71;67;77;67;76;76;73;60;64;66;62;77;60;71;62;65;70;76;72;71;67;66;77;75;83;69;70;72;53;63;76;73;62;60;61;55;53;79;67;68;63;67;72;70;78;75;60;93;72;58;66;57;75;72;66;97;76;91;86;78;67;79;71;62;85;61;61;58;58;75;74;79;60;66;59;60;53;58;74;75;73;67;66;69;76;75;68;62;58;60;76;68;87;81;86;93;81;75;71;63;76;72;73;85;56;53;75;70;63;75;90;83;83;74;66;72;76;73;81;66;78;69;68;61;71;60;70;67;57;68;72;69;69;64;67;67;66;68;76;63;87;78;75;74;62;83;77;60;66;79;82;94;79;77;79;80;85;69;88;90;88;73;79;86;68;76;88;58;64;72;71;74;71;53;84;82;84;78;59;69;55;61;81;62;58;65;65;61;79;88;74;71;82;79;55;83;73;72;79;86;74;92;71;73;77;86;90;99;89;88;89;91;111;84;103;106;109;75;85;82;65;82;69;72;66;71;70;64;69;70;72;86;73;91;92;67;67;61;63;92;69;79;73;71;63;79;100;80;77;81;88;72;85;79;88;86;64;92;96;65;84;102;86;92;86;71;94;86;92;86;95;71;87;80;96;71;71;75;78;73;83;87;69;85;70;87;68;78;81;79;85;96;81;89;78;68;77;71;91;75;81;92;84;86;101;77;95;69;99;85;91;86;71;102;81;88;83;87;86;95;95;111;96;92;92;87;84;80;79;79;80;77;72;94;85;79;90;80;68;72;82
" ";" ";"80-84 years";101;97;107;110;84;93;97;98;110;89;95;91;108;79;85;79;79;62;81;74;83;74;67;74;87;71;77;67;73;73;66;78;70;61;53;71;77;75;69;74;75;77;69;67;78;69;88;76;69;86;86;71;95;76;76;84;87;78;82;90;81;83;74;64;82;87;70;64;85;77;70;63;70;54;70;80;73;75;57;76;74;65;64;74;61;74;82;70;56;73;70;70;71;82;76;73;64;66;57;70;93;84;69;90;100;84;79;86;79;77;67;94;95;103;77;83;84;87;76;65;90;80;66;73;68;67;76;73;67;66;64;74;77;61;93;90;63;68;69;74;65;77;66;80;84;67;77;79;69;66;86;95;74;82;68;80;95;77;83;79;92;80;88;93;90;81;109;87;78;92;80;83;76;63;85;86;63;82;77;70;69;73;53;65;81;84;63;66;94;71;81;84;70;82;74;71;68;77;90;88;90;75;71;82;62;68;72;72;71;89;96;93;88;109;95;87;99;95;89;94;74;88;73;80;76;92;86;79;81;68;89;95;83;57;76;94;73;79;71;75;68;69;81;80;77;75;71;86;79;63;72;75;89;79;84;87;92;76;87;77;89;92;93;92;96;91;100;98;95;97;115;98;113;97;114;94;95;96;91;83;74;74;73;82;84;85;79;85;87;80;98;95;86;78;91;59;100;83;82;83;75;82;72;83;92;67;77;77;87;90;85;98;80;78;97;93;84;107;98;94;108;82;82;83;87;75;86;79;88;79;76;84;81;89;89;81;87;74;78;78;92;75;83;92;68;79;84;76;85;72;83;88;72;97;73;82;85;87;107;89;92;100;94;91;87;71;94;87;83;105;87;81;64;66;91;86;98;111;103;111;95;96;85;87;78;88;78;93;82;67;71;72;76;84;75;93;83;75
" ";" ";"85-89 years";101;85;97;85;94;87;96;85;91;75;78;84;84;85;94;71;80;65;78;53;64;50;76;59;73;63;59;65;55;63;49;64;55;67;60;59;48;72;60;64;56;61;59;78;65;76;67;69;62;74;93;76;61;85;68;82;79;83;81;72;71;83;75;67;75;70;76;73;79;64;69;62;67;68;77;60;62;79;63;58;67;71;62;71;69;75;69;73;74;80;57;59;61;55;58;53;77;66;67;87;81;77;76;98;78;83;84;88;76;91;79;83;87;91;69;75;66;85;77;86;77;73;68;72;69;78;63;69;68;68;70;72;54;69;69;61;67;71;68;53;61;68;65;64;67;84;74;73;68;69;66;92;78;92;85;67;70;65;91;78;75;80;71;76;82;94;81;81;74;77;71;83;62;68;73;68;60;67;70;71;78;76;61;67;71;69;63;58;77;78;69;60;63;69;75;57;66;82;67;59;75;58;85;84;76;78;73;72;66;61;78;68;71;81;103;103;105;103;67;78;84;71;76;76;79;83;81;84;71;69;73;66;68;64;78;64;66;57;78;62;67;68;67;63;68;51;62;61;73;75;73;58;63;65;108;74;59;66;83;83;97;100;108;100;81;80;84;87;90;99;117;84;104;81;77;92;71;72;73;78;76;70;76;71;74;57;88;80;62;65;97;70;71;76;88;75;74;66;75;74;75;66;58;77;87;75;72;81;77;73;70;74;71;71;78;74;81;83;101;101;76;74;78;78;81;85;73;61;72;86;79;75;74;66;88;74;74;72;62;68;72;82;66;56;60;64;57;63;67;79;78;68;80;94;79;77;72;75;68;77;67;89;77;63;66;108;101;65;70;79;90;84;77;74;74;90;100;100;81;91;83;75;96;78;71;71;67;78;80;67;73;77;73;76;67;66;80;61
" ";" ";"90-94 years";59;53;47;65;61;49;57;52;55;48;43;54;42;57;31;49;27;38;39;51;38;38;40;30;35;32;32;49;36;38;46;34;24;27;40;30;30;40;34;25;39;32;28;28;33;28;34;33;38;47;45;38;43;48;44;46;53;40;59;42;30;41;46;41;30;37;35;35;32;44;39;48;39;30;35;28;39;35;33;53;32;44;38;48;43;44;36;48;37;34;36;29;44;48;32;33;43;49;55;45;49;39;50;43;40;51;34;46;58;59;52;55;63;55;64;55;44;55;48;54;36;41;40;33;42;31;37;40;37;42;46;38;42;43;34;35;39;30;30;37;33;39;50;49;36;45;51;50;40;42;42;50;40;36;40;44;41;52;49;46;44;49;52;38;42;53;47;43;60;50;43;42;38;47;33;37;42;41;40;41;37;38;44;37;31;49;47;32;35;43;33;27;47;41;49;54;41;48;57;45;42;42;53;49;47;57;57;58;60;81;50;66;55;55;52;60;54;64;55;60;55;40;46;39;34;36;59;47;31;35;41;47;51;41;37;48;36;39;41;54;32;43;42;36;34;33;39;47;45;46;41;42;44;52;47;53;49;58;52;54;62;50;71;66;51;52;51;67;62;72;63;69;50;63;51;45;52;50;46;50;43;42;53;35;39;50;35;45;47;38;40;40;45;40;37;37;41;39;51;54;44;60;47;38;48;31;51;44;43;56;47;51;43;54;54;53;54;58;55;61;42;59;44;56;53;49;48;38;52;47;69;32;38;45;49;50;41;50;34;37;42;41;46;39;30;43;50;51;46;45;41;51;64;40;51;51;47;54;37;46;61;57;57;66;53;52;53;64;58;43;54;51;49;56;54;39;47;68;44;58;49;57;42;37;45;50;43;50;47;53;42;50;47;46;49;42;45;38
" ";" ";"95-99 years";13;14;18;8;12;15;16;11;19;9;13;15;9;8;11;10;14;6;13;12;13;9;10;10;10;16;13;5;11;21;7;9;10;9;12;11;8;10;12;11;8;17;11;5;9;9;7;16;19;5;12;14;15;18;13;15;11;18;10;10;10;6;5;11;13;13;13;7;10;11;8;11;11;12;9;11;13;11;4;14;12;13;15;10;7;9;14;9;10;9;14;8;12;14;8;14;8;10;8;9;14;12;12;16;10;10;20;22;22;11;15;13;19;15;8;16;12;11;13;12;13;17;12;10;16;16;9;10;6;4;7;12;18;5;14;8;6;12;11;17;13;11;9;9;8;10;17;9;16;20;13;15;17;10;10;16;14;17;14;16;12;20;12;19;15;20;6;15;16;9;12;12;15;13;20;25;9;8;8;13;9;14;12;12;9;12;11;12;6;10;13;10;9;6;6;13;9;8;14;19;12;12;19;15;17;18;19;14;19;19;14;11;12;16;11;24;15;12;11;15;17;23;9;15;11;13;16;11;10;18;13;13;14;14;10;15;16;12;11;15;8;9;17;17;10;15;11;14;15;10;20;5;10;11;13;17;11;10;11;18;15;9;18;18;13;20;21;28;14;21;21;18;18;19;19;18;11;18;15;12;13;16;12;11;16;10;12;16;13;15;18;23;20;12;11;12;12;16;12;10;19;20;19;12;14;17;13;14;13;27;8;16;13;16;17;18;16;28;21;13;13;13;15;14;14;12;14;15;15;9;9;7;15;6;9;11;12;9;12;12;18;12;15;15;8;12;18;10;11;17;15;13;16;12;10;10;20;14;16;19;18;5;16;20;23;15;19;18;25;19;16;9;22;12;18;11;13;16;11;15;11;8;15;15;13;19;12;8;19;12;17;16;12;19;13;20;8;15
" ";" ";"100 years and over";2;2;2;2;6;4;0;2;2;1;2;1;1;3;2;1;1;2;3;2;2;1;2;1;1;2;2;2;3;1;1;0;3;0;1;5;1;1;2;0;1;3;1;1;0;3;2;1;1;1;2;2;3;2;1;5;3;1;2;1;0;1;0;1;3;2;1;0;2;4;0;0;1;0;0;0;1;1;3;1;3;2;3;1;1;2;1;1;0;2;0;3;3;0;2;1;0;3;0;2;1;6;4;0;1;0;4;0;0;1;0;1;2;1;2;2;5;2;0;5;1;0;0;0;1;0;0;2;2;1;3;3;1;2;1;1;0;2;0;0;3;0;2;1;1;3;5;3;1;1;1;2;3;1;0;3;2;3;1;0;1;1;3;2;2;2;1;5;3;5;1;1;1;4;2;3;1;4;1;0;2;1;1;0;1;3;0;0;1;1;1;2;0;0;1;1;3;2;2;0;1;0;2;2;1;3;3;0;1;2;3;3;3;0;4;4;4;3;2;2;2;1;3;2;3;2;3;2;2;1;1;1;2;1;0;2;1;1;3;0;0;0;2;1;0;3;1;2;4;1;0;0;0;0;2;0;4;3;4;1;3;2;1;3;0;5;5;1;5;0;1;3;1;2;3;3;1;2;0;1;1;1;1;3;1;1;2;3;2;0;2;2;1;2;2;2;3;0;2;0;1;1;1;1;0;2;1;0;2;0;1;4;3;2;3;3;3;3;1;1;4;2;0;1;1;2;2;4;3;1;1;0;0;2;1;0;3;2;4;3;2;2;3;2;2;1;1;1;1;2;0;1;1;1;0;3;2;1;1;1;2;4;1;0;3;2;3;2;3;5;1;2;2;1;4;3;1;2;1;0;3;1;2;3;1;1;1;1;1;4;1;1;0;1;2;1;1;1
" ";"Women"
" ";" ";"Total";709;654;588;558;663;640;645;577;574;565;539;559;553;579;528;487;506;504;540;487;469;470;480;449;436;444;486;459;434;448;438;451;454;429;453;443;481;490;457;471;467;456;444;508;404;515;480;458;498;487;510;469;511;491;512;497;507;531;556;527;518;494;485;502;510;502;507;487;496;487;495;468;505;447;468;465;452;456;481;478;480;505;524;487;479;499;445;504;493;485;440;429;426;490;473;447;471;485;478;496;557;538;544;549;576;574;568;529;559;558;570;557;572;611;589;559;573;505;556;529;442;482;505;450;496;494;501;540;447;439;456;473;457;501;443;463;499;446;458;422;445;467;500;478;446;494;496;491;464;464;485;519;548;508;511;503;497;555;531;526;542;543;537;514;562;582;596;578;534;521;520;525;536;484;503;496;481;477;477;446;464;486;482;460;452;492;511;461;481;441;482;453;469;445;419;482;440;493;519;502;527;511;507;524;516;536;520;542;604;543;557;540;549;616;531;622;568;573;570;568;565;511;490;496;494;471;496;492;524;473;479;467;505;488;442;407;482;475;453;450;485;468;484;475;460;505;488;485;485;501;470;466;476;469;512;493;517;529;546;513;579;556;553;561;554;581;615;633;648;677;637;633;630;600;541;580;516;496;496;495;503;452;489;482;461;482;452;481;488;506;513;521;503;522;491;487;457;453;474;449;541;497;446;464;491;497;472;501;484;550;525;529;486;593;560;557;543;563;600;563;542;559;546;531;489;503;569;513;543;500;537;511;488;485;467;488;501;496;493;476;468;470;458;458;451;435;504;488;479;452;513;506;476;469;493;480;457;496;501;511;530;521;576;500;526;530;568;527;482;534;508;545;503;511;527;520;564;508;569;544;535;541;517;496;455;485;482;461;476;470;479;489;479;485;456;486;482;470
" ";" ";"0-4 years";0;1;3;2;1;1;1;0;2;3;7;0;3;3;3;4;4;3;2;2;1;1;0;1;5;1;3;2;1;4;3;3;2;3;1;5;3;3;5;2;2;1;3;1;0;2;1;0;2;2;2;3;1;2;2;0;0;1;5;3;2;3;2;1;1;1;5;2;5;1;1;2;1;0;1;1;1;2;1;1;3;0;2;3;2;5;2;2;4;2;2;3;0;4;1;1;1;4;3;6;3;1;1;4;4;4;0;2;0;1;2;1;5;1;3;4;2;2;2;5;3;1;2;1;1;1;0;6;3;2;2;1;2;2;2;1;3;2;1;0;5;3;1;4;3;3;1;0;2;5;2;2;2;3;0;1;2;4;2;0;1;0;1;2;1;2;5;5;3;0;2;3;2;2;0;1;2;1;0;0;1;0;1;1;4;3;3;0;4;3;2;1;0;2;4;3;4;2;1;4;0;0;1;3;2;0;0;0;4;1;3;2;4;3;0;2;0;1;3;4;1;2;1;4;2;2;4;1;6;1;1;4;1;0;1;5;1;3;1;2;2;4;3;5;0;0;6;5;2;1;2;1;4;2;2;1;1;1;0;3;0;1;2;1;4;5;2;2;5;0;1;1;4;1;1;2;4;1;1;2;3;2;3;2;2;0;0;2;3;1;1;1;2;3;2;3;0;1;6;0;6;1;2;3;2;3;2;4;4;2;0;1;0;1;2;1;2;1;1;1;2;1;1;3;0;4;0;2;0;1;4;0;4;1;2;1;3;1;4;1;0;2;1;7;4;1;1;0;2;1;0;1;0;0;2;0;2;2;3;1;2;2;1;2;4;1;0;1;2;3;2;1;0;1;2;1;0;1;0;0;1;2;1;1;1;1;0;0;0;1;1;3;1;1;2;0;1;0
" ";" ";"5-9 years";0;1;0;0;0;0;0;0;1;0;0;1;0;0;0;0;0;0;0;0;0;0;0;1;0;1;0;0;0;0;1;0;1;0;0;1;0;0;1;1;0;0;0;0;0;0;0;1;1;0;0;0;0;0;0;0;0;0;1;0;0;0;1;0;0;0;0;0;1;0;0;0;0;0;0;0;0;0;0;0;0;0;0;0;0;0;0;0;0;0;1;0;0;0;0;0;0;0;0;0;1;0;0;0;0;0;0;0;1;0;1;2;1;0;0;0;0;0;0;1;0;0;0;0;0;0;0;0;0;0;0;0;0;0;0;1;1;0;1;0;0;0;0;0;0;0;0;0;0;0;0;1;0;0;1;0;0;0;0;0;1;1;0;0;0;0;2;0;0;0;0;2;0;0;1;0;0;0;0;1;1;0;0;0;0;0;2;1;0;0;0;0;0;0;0;0;0;0;0;3;0;1;0;0;0;0;0;0;0;0;1;0;0;0;0;1;0;0;0;0;0;0;0;0;0;1;0;0;0;0;0;0;2;0;0;0;0;0;0;0;0;0;0;0;0;0;0;1;0;0;0;0;0;0;0;0;0;0;0;0;0;0;0;1;0;0;0;0;0;0;1;1;0;1;2;0;0;0;0;0;0;0;0;0;0;0;0;1;0;0;0;0;0;0;1;0;0;0;0;0;0;0;0;0;0;0;0;0;0;1;0;0;0;0;0;1;1;0;0;0;1;1;1;0;0;1;0;0;0;0;0;0;0;0;0;1;0;0;0;0;0;0;0;0;0;0;0;1;2;0;0;0;0;0;0;0;1;0;0;0;0;1;0;0;0;0;0;0;0;0;0;1;0;0;1;1;0;0;0;0;0;0;0;0;0;0;0;0;0;1;0;0;0;0;0;0;0;0
" ";" ";"10-14 years";0;1;0;0;0;0;0;0;0;0;1;0;0;0;0;1;0;0;0;0;0;0;0;0;0;0;0;0;0;0;0;1;0;0;0;1;1;0;0;0;0;0;0;0;0;0;0;0;0;1;0;0;0;0;1;0;0;0;1;0;1;0;0;0;0;1;0;0;0;0;0;0;0;0;0;1;0;0;0;0;0;0;0;0;0;0;1;0;0;0;0;1;0;0;0;1;0;0;0;0;1;0;0;1;0;0;1;0;0;0;0;0;1;0;0;0;0;1;1;0;0;0;0;1;0;0;1;0;0;1;0;0;0;0;0;1;0;0;0;0;0;0;0;1;0;0;0;0;0;0;0;1;1;0;0;1;0;0;1;0;0;0;0;0;1;0;0;0;0;0;0;0;0;0;0;0;0;1;0;1;0;0;0;0;0;0;0;0;0;0;1;0;1;0;1;0;1;0;0;0;0;0;0;0;0;0;0;0;0;0;1;0;0;0;1;0;0;0;0;0;0;0;0;0;1;0;0;0;1;0;0;0;0;0;0;0;0;1;0;0;1;0;0;0;0;0;0;0;0;0;0;0;0;0;0;0;0;0;0;0;0;0;0;0;0;0;0;0;0;0;0;0;0;0;0;1;0;0;0;0;0;0;0;0;0;0;0;0;1;1;1;0;0;0;0;0;0;0;0;0;0;1;0;0;0;0;0;0;0;0;0;1;0;1;0;0;0;0;0;0;0;0;1;0;0;0;1;1;2;0;0;0;0;0;0;0;0;1;0;1;0;0;0;0;0;0;0;0;0;0;0;0;0;0;0;0;0;0;1;0;0;0;0;0;0;1;0;0;1;0;0;0;0;0;0;1;0;0;0;0;0;1;0;0;0;1;0;0;0;0;0;0;1;0;0;0;0;0
" ";" ";"15-19 years";2;0;0;0;2;0;1;0;1;1;1;2;1;0;1;2;2;1;0;0;0;0;0;0;0;1;0;0;1;0;0;0;0;1;1;0;0;0;0;0;0;0;0;1;0;1;1;0;0;0;0;0;2;0;1;1;0;0;0;0;0;0;0;0;0;1;0;0;0;1;0;1;1;0;1;2;0;0;0;0;2;0;0;1;1;0;0;0;0;0;0;1;0;0;1;0;1;0;0;0;1;0;0;1;0;1;2;1;0;1;1;0;1;0;0;1;1;0;1;0;1;0;1;0;1;0;0;1;1;1;0;0;0;0;0;0;0;1;0;1;0;0;0;0;2;0;0;0;0;0;0;0;0;0;0;0;1;1;0;0;1;0;0;2;0;0;2;0;1;0;0;1;0;3;2;1;0;0;0;1;1;0;0;0;0;2;0;0;1;0;0;0;0;0;0;0;2;1;1;0;1;1;1;1;1;1;0;1;0;1;1;0;0;0;1;1;0;1;0;1;1;1;0;0;2;1;0;0;0;0;0;1;1;0;0;1;1;0;1;0;0;1;1;0;0;0;0;0;1;0;1;1;1;2;1;0;0;0;0;0;0;0;0;1;1;0;1;2;0;0;1;0;0;0;0;0;0;0;0;1;1;1;0;0;1;0;0;1;1;2;0;0;0;0;0;0;0;0;1;0;0;1;1;0;0;0;0;2;1;0;0;0;0;0;0;2;0;3;1;1;0;1;1;1;0;0;0;1;2;0;1;0;0;2;0;1;1;0;0;0;0;0;0;0;0;0;0;0;0;0;0;0;0;0;1;2;0;0;0;0;0;0;0;1;0;0;0;0;0;2;2;1;2;0;0;2;0;1;0;0;0;2;0;1;1;1;0;0;0;0;0;0;0;0;1;0;1;0
" ";" ";"20-24 years";0;1;2;1;0;0;1;0;0;2;3;1;1;0;1;3;0;0;0;1;0;0;1;2;0;1;0;1;0;1;0;0;1;0;0;1;1;0;1;0;1;0;0;0;0;0;2;0;0;2;0;1;0;2;0;2;0;1;2;2;0;1;1;1;1;2;2;1;1;0;0;0;1;0;0;0;0;0;1;1;1;1;1;1;0;1;2;0;1;0;0;0;0;1;1;0;1;0;0;1;3;2;0;1;0;1;1;2;1;0;0;1;1;3;1;2;1;0;1;1;0;0;0;0;0;1;0;2;0;1;0;1;0;0;1;1;2;0;0;0;1;1;0;0;0;0;0;0;0;0;0;1;0;0;0;0;0;2;0;0;1;0;0;0;1;1;1;1;0;1;0;1;2;1;2;1;2;0;1;0;2;1;1;0;1;0;2;0;2;1;1;1;2;1;0;0;0;4;0;1;0;1;0;2;2;2;2;1;1;1;0;0;0;3;1;0;0;0;1;2;1;1;0;0;0;1;1;0;1;1;1;1;0;0;0;0;0;1;0;1;0;0;0;0;0;1;0;0;2;0;2;1;0;0;0;0;1;0;2;0;0;1;1;0;1;0;1;0;1;0;0;0;0;2;0;2;0;0;0;0;0;2;1;0;0;0;0;0;1;2;1;0;0;0;0;0;0;0;0;0;0;0;1;0;0;0;0;1;0;0;0;0;1;1;1;0;0;0;0;1;0;0;1;0;2;0;0;3;1;1;0;1;0;0;1;1;1;2;0;0;0;1;0;1;1;0;1;0;0;0;1;0;0;0;0;1;1;0;2;2;0;1;0;1;0;2;0;1;0;1;0;0;0;0;1;1;1;1;0;0;1;1;0;2;1;0;0;2;0;2;0;2;1;2;0;2;1;1
" ";" ";"25-29 years";0;0;1;0;0;0;0;2;1;0;0;0;2;0;1;2;1;1;1;0;1;0;2;2;2;2;3;1;1;2;0;3;0;0;0;0;0;1;1;1;0;1;1;0;0;0;1;1;1;0;0;0;2;0;0;0;1;1;0;1;0;0;0;0;1;1;0;1;0;0;0;0;1;0;2;1;0;0;0;1;0;1;0;0;0;1;1;0;0;0;0;1;0;1;2;0;1;1;1;2;0;1;0;2;3;1;0;0;1;1;1;0;0;1;0;0;0;3;0;0;0;0;0;0;1;3;1;0;0;1;0;0;1;1;0;1;1;0;0;1;1;1;0;0;0;0;0;0;1;1;0;1;0;1;3;0;2;0;1;0;0;0;0;0;2;1;1;2;2;1;0;1;0;1;1;1;1;0;0;0;0;0;0;1;0;1;1;1;3;1;2;3;0;1;2;2;0;1;0;1;0;2;2;0;0;1;2;1;1;0;0;0;3;1;0;0;1;0;1;2;1;2;0;3;0;1;1;0;1;2;0;3;2;0;1;0;0;0;0;0;0;1;1;2;0;0;1;1;0;1;0;0;2;1;0;2;0;1;0;1;1;2;0;0;0;2;0;1;1;1;1;1;0;0;0;1;0;1;1;1;0;1;1;2;0;2;0;2;0;0;0;0;0;1;1;3;2;0;0;0;1;0;0;0;0;1;2;0;0;0;0;1;1;2;2;0;1;0;3;1;1;1;0;1;2;0;3;2;1;0;2;1;1;1;0;1;0;0;2;1;0;1;0;0;0;1;1;0;0;1;1;0;1;1;0;1;1;0;1;1;1;0;0;0;1;1;2;1;2;0;0;2;1;1;2;0;1;0;1;0;0;1;1;0;1;2;1;2;1;0;0;0;1;1;1;0;2;1
" ";" ";"30-34 years";1;3;2;2;1;1;3;0;2;1;1;1;1;0;1;2;0;0;4;3;0;2;0;1;0;1;3;0;1;1;0;1;1;0;1;1;1;1;1;2;0;0;0;1;0;0;0;0;0;1;0;1;0;0;1;1;4;2;2;0;0;1;2;0;1;2;1;0;0;1;1;3;2;1;1;2;0;1;0;2;1;3;2;1;0;0;3;2;1;3;0;1;2;0;0;1;0;0;2;1;0;0;1;2;1;1;0;2;1;0;1;1;1;2;1;0;0;0;4;2;0;0;1;0;0;2;2;1;4;0;1;1;0;2;1;1;0;0;1;0;2;2;1;0;1;2;1;0;4;0;0;1;0;1;0;2;1;2;0;0;4;0;2;3;0;0;3;1;1;0;1;1;0;1;0;1;4;1;1;0;0;0;1;2;0;0;1;0;0;2;0;1;1;1;0;3;1;1;0;1;2;1;0;2;0;1;1;0;2;1;0;1;1;0;0;1;0;1;1;0;1;0;0;0;2;0;1;0;1;0;1;3;2;0;1;1;0;1;0;0;0;2;1;1;2;0;1;1;1;2;0;1;1;1;0;1;2;0;0;1;1;0;1;1;2;0;1;2;1;5;1;1;1;3;3;1;0;0;1;1;1;1;1;1;1;2;0;1;0;1;0;1;0;3;0;0;3;2;1;0;1;0;1;0;2;2;3;1;0;0;1;3;2;1;1;0;1;0;2;0;2;1;2;1;0;0;1;4;1;3;1;1;3;0;1;0;0;0;1;2;0;1;2;2;2;1;0;2;2;0;1;2;2;1;0;1;0;0;2;1;0;1;0;0;0;0;1;1;4;0;1;2;0;0;0;0;2;1;1;1;1;1;2;2;0;3;0;0;0;1;0;1;0;1;2;0;2;2
" ";" ";"35-39 years";5;1;3;0;2;2;1;1;3;3;5;2;3;2;4;2;2;1;3;0;0;3;1;1;2;2;1;1;1;0;2;3;2;1;2;0;3;2;0;1;1;2;1;2;0;0;3;1;4;1;0;1;0;1;4;5;2;0;0;2;2;3;1;1;3;0;2;2;3;1;4;2;1;4;1;2;0;0;1;2;2;1;2;2;1;1;0;3;1;4;2;1;2;2;1;2;3;3;0;3;2;1;5;0;1;1;1;1;1;0;2;3;1;0;1;1;3;2;4;1;0;1;0;1;0;2;2;3;0;0;3;2;0;3;2;1;0;0;0;2;1;2;5;3;1;3;1;1;1;0;1;0;6;2;1;3;1;3;3;4;0;1;3;2;1;1;0;3;1;4;2;1;0;2;2;1;1;2;2;2;0;1;0;1;3;0;2;3;2;0;1;1;1;2;2;0;3;0;4;5;0;3;1;2;2;3;1;0;0;4;2;1;1;1;0;1;1;1;1;2;3;2;3;5;0;0;2;0;3;2;2;3;1;3;0;1;1;0;1;1;3;1;1;2;0;0;2;3;3;3;0;2;6;2;1;1;0;2;1;1;3;3;0;4;2;1;2;0;3;2;1;0;3;0;2;0;3;4;1;1;3;3;0;2;2;3;1;0;1;0;1;6;3;1;2;0;2;2;0;2;2;0;2;0;5;2;5;1;3;1;1;2;1;4;0;0;1;1;2;4;2;4;2;1;2;0;1;1;0;1;3;3;2;1;0;3;1;2;1;1;4;2;1;2;1;0;2;3;1;1;0;3;1;1;1;0;1;3;3;1;0;2;1;0;1;1;0;2;0;1;1;0;1;1;1;3;2;0;2;2;2;2;2;0;1;2;1;2;1;1;1;3;2;1;2;1;0;1
" ";" ";"40-44 years";3;4;5;3;3;4;5;2;1;5;3;3;2;3;4;3;4;3;3;2;4;0;5;4;6;2;0;2;6;1;3;3;1;5;2;1;6;6;1;3;3;5;3;4;0;6;8;5;4;4;2;3;3;0;2;4;4;3;1;7;2;2;0;4;7;5;3;4;3;1;4;2;4;3;5;3;3;5;2;3;0;2;1;2;7;5;1;0;4;6;0;1;5;5;3;2;2;3;3;4;1;2;5;5;2;5;3;0;3;3;0;2;3;0;5;5;6;1;2;2;3;7;2;3;4;3;3;3;2;2;1;2;5;7;3;2;6;4;0;2;2;8;2;5;5;4;0;1;1;1;2;1;8;6;5;7;4;1;2;0;1;4;5;4;1;4;5;0;4;2;4;3;1;1;1;7;2;1;3;2;1;4;5;3;4;3;3;2;3;2;1;5;4;6;3;4;6;4;1;2;1;3;3;0;4;0;2;4;4;0;4;4;3;2;5;3;5;1;3;2;4;4;2;3;2;1;2;4;2;4;2;1;2;1;2;3;3;2;4;4;4;2;4;4;2;3;2;2;1;2;6;4;0;3;2;4;2;3;1;3;5;1;1;1;2;4;0;5;5;4;5;3;5;8;1;5;4;3;3;5;1;0;4;2;1;2;9;3;1;2;2;1;2;4;6;2;3;3;0;2;1;2;3;2;3;8;1;2;4;4;4;3;2;1;2;4;3;2;4;3;2;4;4;5;1;4;2;1;2;2;4;1;3;2;1;3;2;6;4;0;0;2;0;3;2;1;1;3;1;1;1;4;1;1;3;3;3;1;4;2;1;3;3;2;3;2;8;6;1;2;2;2;2;2;3;1;5;2;1;2;5;4;3;2;0;1;2;2;5;2;2;1;1;4;2;5;0;6
" ";" ";"45-49 years";8;8;3;8;8;8;7;6;7;7;4;4;4;6;2;4;4;4;2;6;10;8;7;5;7;6;5;7;7;9;4;4;4;7;3;2;5;7;5;5;2;2;8;5;10;9;5;3;5;9;5;6;5;8;6;10;11;6;7;6;4;4;5;2;4;2;5;5;5;6;6;5;5;4;13;3;6;8;5;7;6;8;11;9;2;5;5;9;5;2;10;6;6;9;4;2;7;4;3;9;9;8;7;8;9;6;6;5;8;5;5;6;7;4;5;7;5;5;3;8;6;5;6;4;6;5;6;1;4;4;3;4;5;8;6;6;12;3;6;5;3;14;1;1;3;9;7;8;5;8;3;7;9;5;5;4;7;3;4;5;7;6;6;5;8;8;7;2;9;6;4;11;7;5;3;2;4;5;2;4;5;5;3;6;2;5;5;6;3;5;7;8;5;3;7;7;5;4;4;3;3;7;7;7;12;5;9;4;4;5;8;6;3;5;3;5;4;7;5;3;5;5;3;3;7;8;4;5;6;6;12;3;2;3;2;5;6;2;3;5;5;4;8;7;8;8;2;4;5;9;8;3;4;4;6;5;4;3;7;2;3;1;4;6;6;1;5;2;4;6;6;3;5;8;2;9;5;3;8;1;2;7;7;6;3;3;1;4;6;3;8;8;6;5;4;3;1;4;3;5;4;5;5;3;6;8;4;6;6;7;4;11;1;5;3;7;4;2;5;8;4;5;4;6;2;3;1;2;2;6;5;2;5;2;4;2;4;9;4;5;4;4;3;6;3;2;4;4;6;7;3;6;7;3;5;5;7;4;6;4;4;5;4;4;0;5;7;6;4;8;3;3;5;6;5;4;6;1;5;2;3;9;4;7;5;4;2;4;5;6;1;6;0;4;5;5;4;3
" ";" ";"50-54 years";16;10;14;11;12;12;13;13;9;10;11;14;8;9;9;8;9;6;9;11;13;11;12;10;8;6;12;13;7;10;9;6;3;14;12;6;3;13;7;7;14;7;7;17;4;9;15;6;11;11;14;11;13;8;9;9;14;8;11;7;13;8;8;10;7;16;5;6;12;8;9;8;10;10;14;11;7;6;12;11;6;11;15;12;6;9;10;10;12;8;11;6;9;13;11;15;15;9;5;7;9;6;8;16;12;9;6;7;14;12;9;12;5;11;12;15;8;10;7;12;11;11;11;8;11;9;5;12;3;13;10;8;12;8;12;18;5;5;16;8;10;10;14;10;7;8;10;9;11;13;8;13;5;9;10;8;10;8;6;8;12;6;6;17;18;12;12;10;9;7;15;9;8;10;15;13;10;6;5;6;6;10;5;8;12;8;13;12;16;11;10;5;17;14;7;4;8;13;12;12;9;5;8;6;11;13;14;14;13;10;6;9;9;10;13;13;9;10;16;7;11;6;8;7;13;8;8;7;6;17;8;16;15;14;9;10;17;12;8;3;14;11;12;12;12;5;8;6;8;2;7;9;5;10;13;10;5;8;14;10;12;10;9;14;8;7;11;8;10;7;15;11;19;11;9;8;10;4;10;1;6;12;9;11;7;10;7;11;8;4;7;11;10;10;8;7;13;9;8;12;10;11;14;7;7;9;8;9;9;10;9;10;5;7;9;11;16;15;13;5;10;17;12;14;6;15;10;6;12;10;3;11;7;10;14;5;10;11;6;7;7;4;9;3;9;12;6;10;8;13;12;14;9;11;7;9;4;7;10;4;10;8;7;7;8;7;10;4;7;12;9;12;11;6;9;8;10;3;13;9;6;4;7;11;10;5;9;10;7;11;7;8;6;5;5;10;4;10
" ";" ";"55-59 years";19;23;31;20;18;16;21;15;17;19;16;21;20;18;18;19;13;22;21;15;13;15;11;18;12;12;13;12;13;17;19;12;8;14;19;19;14;17;12;11;16;13;13;20;19;18;15;8;18;20;10;15;16;12;16;25;20;12;17;14;15;10;15;19;13;24;17;15;9;13;14;14;10;17;14;14;8;19;12;7;13;12;8;8;12;13;15;11;19;11;12;12;15;6;14;15;26;17;13;9;21;27;12;19;14;16;16;19;16;18;13;16;20;18;19;14;14;10;14;18;15;10;19;14;17;13;14;17;14;16;10;18;9;19;15;11;19;12;20;17;17;10;12;18;10;15;10;16;15;23;16;18;19;16;12;13;20;17;13;10;13;17;19;18;19;20;22;11;14;19;13;16;13;13;18;11;5;12;9;14;7;18;17;10;15;25;19;10;19;11;13;9;15;16;16;19;11;17;18;15;16;13;30;15;15;10;13;16;13;17;20;11;10;21;16;13;10;13;18;19;17;19;11;14;14;13;17;11;12;16;11;6;15;10;14;13;18;14;16;9;15;14;12;10;16;15;14;16;11;11;13;18;9;12;9;13;16;7;21;11;18;20;11;17;16;18;19;17;10;20;16;24;9;9;12;18;16;14;23;16;13;11;15;8;11;13;15;18;14;23;17;15;13;24;14;12;10;13;10;13;18;10;11;12;13;15;21;16;11;25;6;18;12;15;16;16;11;11;9;14;12;13;17;14;17;14;15;11;19;12;14;17;11;9;12;8;18;17;12;16;16;12;14;10;7;9;17;15;15;14;12;16;8;7;12;11;12;14;9;11;19;10;13;14;13;16;10;10;10;21;25;12;17;11;11;19;14;19;10;11;18;20;8;11;10;11;12;14;12;8;12;16;15;16;14;17;13;12
" ";" ";"60-64 years";30;30;23;28;24;19;35;28;22;18;25;28;25;27;26;20;22;31;27;33;20;26;32;15;23;19;29;21;16;28;24;18;26;12;22;31;14;30;23;19;21;16;14;25;19;26;29;26;21;18;19;21;26;28;28;30;23;23;25;27;26;20;21;22;25;26;25;17;27;23;24;23;23;29;33;28;21;18;36;21;24;24;27;24;23;21;18;23;16;25;11;19;24;26;20;22;18;21;24;21;28;22;31;23;23;35;19;23;26;31;26;17;20;22;30;27;29;19;30;27;22;26;32;19;18;24;29;22;20;21;28;24;13;28;22;22;19;18;22;18;23;22;17;24;20;18;20;28;21;24;20;26;30;24;27;28;26;25;25;23;16;24;21;23;19;27;27;21;23;24;30;26;25;25;20;24;27;13;20;21;31;22;34;18;31;22;24;21;28;24;24;16;20;12;27;35;26;23;20;29;28;32;23;20;22;22;24;20;28;21;32;28;15;32;26;23;11;32;17;19;21;21;22;20;22;18;19;26;28;23;22;19;21;21;15;22;26;17;20;19;18;15;16;18;20;18;25;19;20;25;22;22;20;19;25;19;22;21;19;18;26;28;32;22;19;22;24;27;35;26;17;19;28;22;24;20;19;20;20;27;25;22;22;15;16;23;19;23;24;18;21;25;21;21;15;28;22;20;27;16;18;24;21;21;22;17;16;23;13;23;18;24;8;33;25;21;32;22;30;28;20;20;26;22;25;18;23;28;27;17;20;23;24;21;16;29;18;21;23;27;23;21;17;11;20;13;17;14;21;24;25;18;23;22;21;17;26;25;23;30;19;16;24;12;17;22;31;18;26;27;17;20;22;17;28;30;17;25;26;31;22;15;20;19;18;24;23;26;16;23;14;17;17;11;23;23;25;19
" ";" ";"65-69 years";57;48;44;27;49;42;41;45;38;32;31;40;43;45;42;20;36;31;46;34;26;50;26;30;39;38;37;37;41;33;33;22;38;30;39;27;32;32;37;33;41;50;34;41;30;49;25;28;34;38;42;26;39;42;41;43;27;45;46;43;45;43;43;44;33;35;45;36;44;36;39;33;35;41;40;35;27;33;44;43;33;35;46;34;31;36;34;41;33;38;36;28;31;31;42;28;34;35;38;41;43;34;41;45;41;34;44;35;44;39;41;36;29;43;40;29;45;30;32;40;33;28;35;28;46;51;48;41;31;41;26;46;37;34;31;29;43;30;38;33;31;33;33;37;30;36;30;34;29;32;41;32;44;26;41;37;32;34;40;34;33;44;40;42;40;34;43;44;36;31;44;30;34;35;31;38;51;34;22;29;23;33;28;26;29;38;36;37;32;28;29;37;25;35;33;33;31;23;39;45;45;25;40;43;31;43;28;41;40;36;38;40;36;39;41;36;40;36;43;36;31;27;34;34;32;29;36;27;26;30;30;26;38;33;25;21;40;36;19;25;25;32;33;26;20;33;32;29;37;31;28;30;29;27;35;39;31;33;29;29;33;43;25;34;36;31;36;43;37;54;41;40;37;36;26;34;31;36;37;27;37;24;31;30;28;34;34;37;39;28;29;33;37;38;36;36;29;26;38;28;41;43;28;35;37;25;21;45;21;30;32;32;34;32;32;32;35;38;43;21;32;47;39;22;33;36;43;39;31;34;28;33;28;30;28;34;30;35;41;35;30;25;36;30;25;35;23;32;40;27;26;36;36;31;42;34;33;33;36;31;31;23;41;30;35;38;32;36;28;32;31;33;45;34;29;37;30;24;34;35;31;33;26;26;28;25;39;32;26;27;31;36;37;28;27;36;33;20
" ";" ";"70-74 years";56;58;56;40;59;53;45;51;53;50;41;39;46;56;46;31;47;45;43;45;45;46;45;46;41;42;46;45;37;32;41;32;26;44;38;42;39;53;32;44;43;43;44;51;31;44;43;42;47;41;38;36;41;37;48;45;38;43;47;53;36;42;51;51;39;52;46;54;43;37;54;53;50;37;47;46;40;37;37;50;43;42;40;38;43;52;48;46;37;45;48;33;50;43;33;50;49;46;45;46;48;57;47;41;37;62;58;52;42;59;45;54;56;56;43;53;38;49;57;34;40;57;52;38;53;58;50;64;41;33;53;49;41;48;41;33;50;44;44;31;38;53;59;34;46;49;54;52;56;41;45;47;50;55;53;45;49;52;61;52;49;53;50;42;55;49;67;42;53;43;46;47;49;45;38;42;34;43;61;56;49;47;61;45;59;54;41;41;45;43;51;41;41;55;41;60;46;54;67;51;50;49;49;62;48;56;53;55;60;49;44;63;62;56;53;48;49;49;52;55;58;34;48;49;46;52;48;52;54;32;51;45;56;56;43;48;44;52;55;50;46;53;56;56;48;61;56;50;63;51;52;53;50;54;52;55;66;64;43;56;59;47;49;50;56;64;62;64;60;70;56;54;61;58;65;49;50;53;45;58;56;50;52;59;51;53;49;46;57;50;53;49;43;54;46;59;55;46;59;44;61;36;39;48;54;45;63;42;50;64;47;57;58;79;60;43;54;55;62;47;76;54;63;52;34;53;48;48;41;48;56;58;61;44;50;54;65;44;55;40;48;57;43;41;48;41;46;72;39;42;46;44;53;43;38;52;44;47;43;51;60;50;62;57;55;54;60;52;47;48;45;54;40;50;58;47;58;61;58;58;59;62;42;45;50;53;51;40;49;34;52;48;50;52;44;53;46;64
" ";" ";"75-79 years";94;69;67;53;79;77;76;77;79;67;61;66;56;68;70;68;65;57;50;53;52;59;61;55;39;60;65;46;48;45;39;56;60;51;41;50;55;52;70;59;72;57;45;34;52;54;59;54;53;58;65;58;66;61;52;59;62;64;60;55;64;63;52;56;58;66;66;59;54;68;61;55;63;55;55;48;75;46;60;54;65;61;51;57;53;54;56;59;69;61;48;56;47;71;53;55;58;54;53;65;57;66;54;65;71;71;69;52;73;67;67;60;67;67;81;55;69;65;56;59;41;53;59;55;59;50;50;59;42;61;46;49;55;68;53;49;56;49;52;49;57;41;51;55;50;58;61;50;45;48;64;54;57;56;51;65;56;57;64;70;76;66;67;66;60;66;67;73;64;57;63;64;61;56;51;63;65;65;52;51;58;57;47;60;45;44;68;51;52;42;45;54;46;50;66;47;44;62;73;47;67;56;53;65;72;67;62;69;79;65;80;58;66;76;59;71;60;60;67;68;61;62;60;42;70;51;74;56;57;52;70;42;57;57;54;55;49;63;62;46;71;56;53;53;49;58;48;70;59;50;62;66;68;56;57;64;61;50;65;61;66;67;59;74;77;67;79;60;73;91;75;73;65;64;63;78;68;60;63;57;66;52;68;66;60;44;61;50;61;60;68;61;73;55;59;55;57;57;56;49;51;65;58;61;69;58;64;57;61;75;77;69;82;59;67;75;70;73;73;75;50;66;68;67;59;67;72;73;88;62;76;72;71;63;54;53;60;51;54;65;66;54;59;64;57;55;62;49;63;63;73;54;64;62;63;62;69;70;54;64;65;66;76;60;60;52;59;69;67;78;74;67;63;72;68;83;83;57;86;70;78;84;77;72;58;67;69;62;55;72;58;69;64;46;62;59;69;61
" ";" ";"80-84 years";95;109;78;93;100;117;95;97;82;90;78;91;90;95;80;83;65;81;79;67;70;66;83;72;74;56;78;69;65;64;68;75;73;62;68;69;69;76;70;66;61;76;76;85;69;81;69;76;69;81;76;91;82;72;87;76;84;84;80;90;95;65;75;73;81;78;70;76;66;70;86;72;75;58;61;70;79;70;75;74;68;68;84;77;77;80;57;64;81;76;72;70;57;76;71;77;64;89;69;71;88;64;79;89;84;75;88;83;101;80;106;84;98;95;80;90;91;70;81;86;71;63;66;81;60;75;91;80;71;64;64;65;69;65;65;72;80;74;55;69;56;75;84;83;77;79;81;76;74;73;92;80;91;77;68;77;77;81;89;86;76;87;71;67;81;106;92;78;73;108;67;67;83;71;87;67;71;70;100;62;64;81;67;70;73;78;76;71;56;81;61;66;74;73;50;63;60;79;69;81;91;80;81;76;71;82;102;70;91;74;96;74;91;69;82;115;94;89;84;95;94;92;66;84;72;61;69;81;79;76;61;70;77;77;79;58;66;60;73;72;54;71;72;68;73;90;70;71;71;92;71;69;73;71;70;79;75;93;75;94;106;90;88;88;83;89;91;101;101;91;104;102;98;93;77;107;88;86;79;67;87;69;74;82;68;68;63;60;63;77;67;84;75;80;83;80;65;65;65;75;85;78;81;68;59;85;57;90;74;83;82;82;75;107;74;97;87;74;84;98;80;78;89;89;74;75;98;77;77;77;84;71;56;88;67;89;81;76;58;85;68;71;73;76;86;56;90;70;67;68;96;77;69;77;77;69;57;76;84;93;101;109;95;76;87;87;90;77;73;75;84;97;72;74;86;71;93;86;91;91;74;74;82;77;77;66;77;73;87;81;94;70;79;89;74;62;76;71
" ";" ";"85-89 years";136;127;103;115;138;135;109;104;121;96;105;104;97;107;85;85;98;92;107;94;80;77;75;68;73;91;86;87;73;94;78;90;88;79;104;85;102;87;69;101;95;73;85;98;80;100;81;86;100;92;109;82;90;92;90;84;79;101;109;90;88;79;104;104;103;79;101;100;80;96;79;80;98;80;69;89;73;95;73;83;99;104;84;89;88;98;73;94;79;92;74;79;65;87;99;74;88;77;82;87;91;103;107;82;128;109;103;85;103;96;82;94;98;115;110;107;111;101;94;110;79;100;88;76;88;78;82;94;80;67;75;101;92;89;86;72;85;89;88;72;71;74;85;95;81;81;84;75;84;75;78;96;100;93;92;88;91;122;92;98;97;94;105;87;89;93;88;115;110;78;95;102;106;95;96;101;94;91;81;75;86;85;69;88;69;93;78;79;85;80;99;85;84;73;66;80;82;88;80;86;92;99;93;77;94;86;84;109;97;98;99;95;81;131;91;114;106;91;95;108;98;93;89;93;78;88;90;94;98;85;91;92;82;82;69;76;87;91;83;87;84;82;97;84;75;83;89;90;92;87;88;80;81;78;99;90;87;98;122;88;96;94;95;91;94;109;108;125;111;126;115;124;123;110;99;96;88;80;75;89;87;78;77;76;74;91;90;85;80;99;84;84;92;94;93;76;84;77;77;85;111;92;74;79;91;92;76;76;97;92;98;82;87;95;115;105;95;107;99;98;100;112;97;91;87;84;104;83;104;93;94;86;78;77;88;84;85;96;88;83;83;86;87;74;77;91;100;78;93;79;90;90;86;77;79;81;77;91;90;86;94;94;94;88;99;110;96;97;83;88;81;88;88;117;80;80;110;90;100;99;88;75;87;96;85;85;83;74;78;84;86;81;81;92;79;82;92;73
" ";" ";"90-94 years";126;104;92;94;114;86;123;90;89;102;106;89;100;97;95;98;87;84;96;84;75;72;71;80;64;77;68;76;74;72;77;84;75;76;62;66;90;76;83;68;64;73;75;87;57;84;85;78;77;71;90;74;79;83;86;70;93;95;89;92;87;107;70;78;85;73;70;67;89;80;79;80;81;78;63;78;70;74;86;81;71;88;106;91;78;78;79;99;88;73;78;79;73;66;74;66;66;71;94;78;103;95;98;93;92;93;107;113;73;97;106;113;99;106;107;97;100;80;103;85;75;70;84;80;80;74;73;97;82;76;90;59;79;87;75;98;79;62;75;80;83;76;88;72;75;95;87;84;73;76;77;96;85;87;82;81;82;99;77;92;97;93;91;79;96;99;94;106;89;85;83;94;79;70;88;83;61;82;67;76;84;77;91;72;64;69;84;81;90;62;75;85;81;63;68;82;69;74;81;62;90;83;73;93;86;88;82;88;109;97;78;96;102;117;81;96;110;111;117;91;102;94;90;78;76;85;83;84;94;82;69;79;84;82;88;51;69;73;66;78;84;82;62;78;94;79;74;71;76;86;66;59;87;79;85;67;86;87;87;90;91;90;101;98;86;108;107;102;120;101;111;117;113;116;102;95;77;81;85;83;65;64;91;82;95;81;63;83;76;94;100;97;84;73;76;80;68;80;85;75;84;83;72;80;77;70;79;84;72;87;83;81;68;94;93;95;83;96;110;100;88;85;72;85;78;75;100;77;87;84;78;78;84;76;86;72;77;66;78;71;86;67;83;70;68;75;82;81;81;74;70;75;77;76;88;89;80;80;74;89;73;77;95;99;84;82;99;89;77;94;87;89;90;78;88;82;85;97;88;84;82;96;105;87;69;88;60;73;82;77;70;75;80;69;62;82;68;75
" ";" ";"95-99 years";51;49;48;47;45;52;56;34;37;51;33;46;44;39;30;26;40;41;41;33;48;28;37;30;30;23;30;33;32;24;29;33;37;26;28;32;35;29;31;45;24;32;31;33;24;24;29;35;43;34;28;34;35;35;30;26;40;31;44;30;29;41;30;31;38;28;35;33;44;35;29;30;37;21;42;25;35;40;28;31;33;32;37;32;47;32;31;32;34;26;27;26;35;43;36;28;32;43;34;38;36;39;39;43;44;45;36;37;44;39;57;48;43;55;45;43;41;50;52;35;38;41;37;34;46;35;34;29;37;29;33;32;36;22;26;36;28;45;31;31;31;38;40;29;30;28;41;50;32;36;26;36;37;43;48;37;29;36;41;34;47;36;42;47;63;51;46;55;35;44;40;41;52;40;38;30;36;45;44;41;41;35;39;42;28;41;44;36;32;36;43;26;43;33;21;33;39;41;44;36;28;42;34;39;38;41;35;41;48;49;39;40;50;45;45;67;59;58;39;46;39;37;38;45;45;42;29;33;40;37;39;42;29;39;34;26;45;35;34;42;43;31;39;42;34;45;48;40;30;38;37;40;33;37;41;37;47;47;46;37;51;45;60;52;54;44;53;59;58;65;64;48;48;44;41;45;44;42;37;47;40;44;28;29;36;48;31;44;39;36;41;41;36;48;36;36;35;36;30;37;37;40;24;36;38;47;42;37;51;36;55;46;38;44;49;40;36;52;48;46;52;40;39;44;53;45;41;44;39;43;47;43;43;50;36;36;32;44;52;30;26;45;26;53;36;34;42;46;32;32;45;49;33;47;47;34;35;38;47;35;42;44;51;34;42;39;47;44;37;37;40;51;33;31;47;41;40;36;44;41;52;41;40;31;32;38;41;35;42;31;40;45;33;53;41;40;38;37
" ";" ";"100 years and over";10;7;13;14;8;15;12;12;9;8;7;7;7;4;10;6;7;1;6;4;11;6;11;8;11;3;7;6;10;11;8;5;8;4;10;4;8;5;8;3;7;5;4;3;9;8;9;8;8;3;10;6;11;8;8;7;5;11;9;5;9;2;4;5;10;10;9;9;10;10;5;5;7;9;6;6;7;2;8;6;10;12;7;6;8;8;9;9;9;13;8;6;5;6;7;8;5;8;9;7;12;10;9;9;10;5;8;10;7;9;5;7;16;12;6;9;9;7;12;3;4;9;10;7;5;10;10;8;12;6;11;11;1;10;2;8;10;8;8;3;13;4;7;7;5;6;8;7;10;8;10;6;4;4;12;6;7;8;10;10;10;11;8;8;7;8;12;9;7;11;11;5;14;8;9;9;11;5;7;4;4;10;13;7;13;6;9;9;8;9;17;9;9;5;5;7;2;2;5;18;4;8;8;11;5;15;6;8;10;14;5;12;12;5;13;12;9;12;7;8;16;9;15;12;10;9;8;11;9;7;8;11;18;10;5;11;9;12;7;6;16;6;13;7;7;6;10;6;3;10;5;7;3;11;14;6;11;11;14;8;8;13;15;6;7;9;13;13;13;8;6;11;11;14;12;9;9;8;7;11;10;9;5;9;5;5;9;10;13;5;12;4;6;8;9;7;8;12;8;6;10;5;9;9;6;10;8;5;7;10;8;6;11;12;9;7;11;11;11;12;8;9;7;13;14;9;6;10;7;6;17;10;7;8;7;11;13;14;10;6;7;15;4;5;5;8;9;8;6;5;11;17;6;9;7;9;4;5;9;5;8;9;9;13;17;10;16;13;13;5;4;10;11;10;8;8;7;3;9;8;12;14;10;6;8;8;12;10;10;8;10;8;10;10;10;9;7;14

"Data for 2020 in this table is preliminary and can be changed "
"continuously with each new update of the table. The table is updated "
"each Friday. "

